study_id,randomization_method,blinding_stated,attrition_reported,registration_reported,analysis_population_stated
S001,not stated,not stated,yes,not stated,not stated
S002,not stated,not stated,not stated,not stated,not stated
S003,yes,not stated,not stated,not stated,yes
S004,not stated,not stated,yes,yes,yes
S005,not stated,not stated,not stated,not stated,not stated
S006,not stated,not stated,not stated,not stated,not stated
S007,not stated,not stated,not stated,not stated,not stated
S008,not stated,not stated,not stated,not stated,not stated
S009,not stated,not stated,yes,yes,not stated
S010,yes,not stated,not stated,yes,not stated
S011,not stated,not stated,yes,not stated,yes
S012,not stated,not stated,not stated,not stated,not stated
S013,not stated,not stated,not stated,not stated,not stated
S014,not stated,not stated,yes,not stated,not stated
S015,not stated,not stated,yes,not stated,yes
S016,not stated,yes,yes,yes,yes
S017,not stated,not stated,yes,not stated,not stated
S018,not stated,not stated,not stated,yes,not stated
S019,not stated,yes,yes,yes,not stated
S020,not stated,not stated,not stated,not stated,not stated
S021,not stated,yes,not stated,not stated,not stated
S022,not stated,not stated,not stated,yes,not stated
S023,not stated,not stated,not stated,yes,not stated
S024,yes,yes,yes,not stated,not stated
S025,not stated,not stated,not stated,not stated,not stated
S026,not stated,not stated,not stated,yes,not stated
S027,not stated,not stated,not stated,not stated,not stated
S028,not stated,not stated,not stated,not stated,not stated
S029,not stated,yes,yes,yes,yes
S030,not stated,not stated,yes,not stated,yes
S031,yes,not stated,not stated,yes,yes
S032,not stated,not stated,yes,yes,not stated
S033,not stated,not stated,not stated,not stated,not stated
S034,not stated,not stated,yes,not stated,not stated
S035,not stated,not stated,yes,not stated,yes
S036,not stated,yes,not stated,not stated,not stated
S037,not stated,not stated,not stated,yes,not stated
S038,not stated,not stated,not stated,yes,yes
S039,not stated,not stated,not stated,not stated,not stated
S040,not stated,not stated,not stated,not stated,not stated
S041,not stated,not stated,not stated,yes,yes
S042,not stated,not stated,not stated,yes,yes
S043,not stated,not stated,yes,not stated,yes
S044,not stated,yes,yes,yes,not stated
S045,not stated,not stated,yes,yes,yes
S046,not stated,not stated,not stated,not stated,not stated
S047,not stated,not stated,not stated,not stated,not stated
S048,not stated,not stated,yes,yes,not stated
S049,not stated,not stated,not stated,yes,not stated
S050,not stated,not stated,yes,not stated,yes
S051,not stated,not stated,yes,not stated,not stated
S052,not stated,not stated,not stated,not stated,not stated
S053,not stated,not stated,not stated,not stated,not stated
S054,not stated,not stated,not stated,not stated,not stated
S055,not stated,not stated,not stated,not stated,not stated
S056,not stated,not stated,not stated,not stated,not stated
S057,not stated,not stated,yes,not stated,not stated
S058,not stated,not stated,yes,not stated,not stated
S059,not stated,not stated,yes,not stated,not stated
S060,not stated,not stated,not stated,yes,not stated
S061,not stated,not stated,not stated,yes,not stated
S062,not stated,not stated,not stated,not stated,not stated
S063,not stated,not stated,not stated,yes,not stated
S064,not stated,not stated,yes,not stated,yes
S065,not stated,yes,yes,not stated,not stated
S066,not stated,not stated,not stated,yes,not stated
S067,not stated,not stated,not stated,yes,yes
S068,not stated,not stated,not stated,yes,not stated
S069,not stated,not stated,yes,not stated,not stated
S070,not stated,not stated,not stated,not stated,not stated
S071,not stated,not stated,yes,not stated,not stated
S072,not stated,not stated,not stated,not stated,not stated
S073,not stated,not stated,not stated,yes,not stated
S074,not stated,not stated,not stated,not stated,not stated
S075,not stated,yes,not stated,yes,not stated
S076,not stated,yes,not stated,yes,yes
S077,not stated,not stated,not stated,not stated,not stated
S078,not stated,yes,not stated,yes,not stated
S079,not stated,not stated,not stated,yes,not stated
S080,not stated,not stated,not stated,not stated,not stated
S082,not stated,not stated,not stated,not stated,not stated
S083,not stated,not stated,not stated,not stated,not stated
S084,not stated,not stated,not stated,not stated,not stated
S085,not stated,not stated,not stated,not stated,not stated
S086,not stated,not stated,not stated,not stated,not stated
S088,not stated,not stated,not stated,not stated,not stated
S089,not stated,not stated,not stated,yes,not stated
S090,not stated,not stated,not stated,not stated,not stated
S091,not stated,not stated,not stated,not stated,not stated
S092,not stated,not stated,yes,not stated,not stated
S094,not stated,not stated,not stated,not stated,not stated
S095,not stated,not stated,not stated,not stated,not stated
S096,not stated,not stated,not stated,not stated,not stated
S097,not stated,not stated,not stated,not stated,not stated
S098,not stated,not stated,not stated,not stated,not stated
S099,not stated,not stated,not stated,not stated,not stated
S101,not stated,not stated,not stated,not stated,not stated
S102,not stated,not stated,yes,not stated,yes
S103,not stated,not stated,yes,yes,not stated
S104,not stated,not stated,not stated,not stated,yes
S106,not stated,not stated,not stated,not stated,not stated
S107,not stated,not stated,not stated,not stated,not stated
S108,not stated,yes,yes,not stated,not stated
S109,not stated,not stated,yes,not stated,not stated
S110,not stated,not stated,not stated,not stated,not stated
S111,not stated,not stated,not stated,not stated,not stated
S112,not stated,not stated,yes,not stated,not stated
S113,not stated,not stated,yes,not stated,not stated
S114,not stated,not stated,not stated,yes,not stated
S116,not stated,not stated,yes,not stated,not stated
S117,not stated,not stated,not stated,not stated,not stated
S118,not stated,not stated,not stated,yes,not stated
S119,not stated,not stated,not stated,not stated,not stated
