study_id,auto_or_first_coder_direction,label,coder_randomization_method,coder_blinding_stated,coder_attrition_reported,coder_registration_reported,coder_analysis_population_stated,reviewer_direction,reviewer_randomization,reviewer_blinding,reviewer_attrition,reviewer_registration,reviewer_analysis_population,reviewer_comment
S002,F,favours intervention,not stated,not stated,not stated,not stated,not stated,,,,,,,
S009,F,favours intervention,not stated,not stated,yes,yes,not stated,,,,,,,
S019,N,no between-group difference,not stated,yes,yes,yes,not stated,,,,,,,
S031,F,favours intervention,yes,not stated,not stated,yes,yes,,,,,,,
S038,M,"mixed (subscale, subgroup, arm or time point)",not stated,not stated,not stated,yes,yes,,,,,,,
S040,F,favours intervention,not stated,not stated,not stated,not stated,not stated,,,,,,,
S047,F,favours intervention,not stated,not stated,not stated,not stated,not stated,,,,,,,
S049,M,"mixed (subscale, subgroup, arm or time point)",not stated,not stated,not stated,yes,not stated,,,,,,,
S055,N,no between-group difference,not stated,not stated,not stated,not stated,not stated,,,,,,,
S056,F,favours intervention,not stated,not stated,not stated,not stated,not stated,,,,,,,
S057,M,"mixed (subscale, subgroup, arm or time point)",not stated,not stated,yes,not stated,not stated,,,,,,,
S059,N,no between-group difference,not stated,not stated,yes,not stated,not stated,,,,,,,
S060,F,favours intervention,not stated,not stated,not stated,yes,not stated,,,,,,,
S062,F,favours intervention,not stated,not stated,not stated,not stated,not stated,,,,,,,
S065,R,burnout result not stated in abstract,not stated,yes,yes,not stated,not stated,,,,,,,
S067,R,burnout result not stated in abstract,not stated,not stated,not stated,yes,yes,,,,,,,
S075,N,no between-group difference,not stated,yes,not stated,yes,not stated,,,,,,,
S076,F,favours intervention,not stated,yes,not stated,yes,yes,,,,,,,
S077,M,"mixed (subscale, subgroup, arm or time point)",not stated,not stated,not stated,not stated,not stated,,,,,,,
S088,M,"mixed (subscale, subgroup, arm or time point)",not stated,not stated,not stated,not stated,not stated,,,,,,,
S098,F,favours intervention,not stated,not stated,not stated,not stated,not stated,,,,,,,
S101,F,favours intervention,not stated,not stated,not stated,not stated,not stated,,,,,,,
S104,M,"mixed (subscale, subgroup, arm or time point)",not stated,not stated,not stated,not stated,yes,,,,,,,
