title,pubYear,journal,doi,pmid,source,cited_by,open_access,occupations,technologies,approaches,instruments,comparators,guidance,cluster,cluster_top_terms
Feasibility and acceptability of a culturally adapted psychological first aid training intervention (Preparing Me) to support the mental health and well-being of front-line healthcare workers in China: a feasibility randomized controlled trial.,2024,European journal of psychotraumatology,10.1080/20008066.2023.2299195,38269751,Europe PMC,11,Y,Mixed healthcare workers; General/mixed working adults,Unspecified digital modality,Psychoeducation,Unspecified/not named in abstract,Unspecified in abstract,Unspecified in abstract,5,covid; covid 19; 19; health; pandemic; workers
"Effects of Digital Mental Health Screening Alone and With the Online MINDBODYSTRONG CBT-Based Program on Burnout, Depression, Anxiety, Healthy Behaviors, and Suicidal Ideation in at-Risk Nurses at 3- and 6-Months Post-Intervention: An RCT.",2026,Worldviews on evidence-based nursing,10.1111/wvn.70171,42712158,Europe PMC,0,N,Nurses,Unspecified digital modality,CBT / iCBT,Unspecified/not named in abstract,Unspecified in abstract,Unspecified in abstract,5,covid; covid 19; 19; health; pandemic; workers
Efficacy of mHealth aided 12-week meditation and breath intervention on change in burnout and professional quality of life among health care providers of a tertiary care hospital in north India: a randomized waitlist-controlled trial.,2023,Frontiers in public health,10.3389/fpubh.2023.1258330,38026380,Europe PMC,21,Y,Nurses; Physicians/Residents; Mixed healthcare workers,mHealth / eHealth (modality unspecified),Mindfulness / MBSR / MBCT; Self-compassion / compassion-based,Maslach Burnout Inventory (MBI); Professional Quality of Life (ProQOL),Waitlist control,Unspecified in abstract,1,coaching; professional; physician; physicians; points; mean
Health Care Workers' Need for Headspace: Findings From a Multisite Definitive Randomized Controlled Trial of an Unguided Digital Mindfulness-Based Self-help App to Reduce Healthcare Worker Stress.,2022,JMIR mHealth and uHealth,10.2196/31744,36006668,Europe PMC,52,Y,Mixed healthcare workers; General/mixed working adults,Smartphone / mobile app,Mindfulness / MBSR / MBCT; Self-compassion / compassion-based,Maslach Burnout Inventory (MBI),Active comparator,Self-guided / unguided,3,related; work; health; employees; web; work related
Virtual Reality (VR) Device with Integrated Biofeedback Sensors (ReViSide) to Cope with Emotional Burnout State Among Employees Experiencing Stress at Workplace: Problem Overview and Action Plan.,2024,Psychiatria Danubina,,39378496,Europe PMC,1,N,General/mixed working adults,Virtual reality,Relaxation / breathing / biofeedback,Maslach Burnout Inventory (MBI),Unspecified in abstract,Unspecified in abstract,0,mindfulness; professionals; health; compassion; students; virtual
"Impact of App-Delivered Mindfulness Meditation on Functional Connectivity, Mental Health, and Sleep Disturbances Among Physician Assistant Students: Randomized, Wait-list Controlled Pilot Study.",2021,JMIR formative research,10.2196/24208,34665153,Europe PMC,19,Y,Physicians/Residents; Mixed healthcare workers,Smartphone / mobile app,Mindfulness / MBSR / MBCT,Unspecified/not named in abstract,Waitlist control,Unspecified in abstract,0,mindfulness; professionals; health; compassion; students; virtual
Mobile Heart Rate Variability Biofeedback for Work-Related Stress in Employees and the Influence of Instruction Format (Digital or Live) on Training Outcome: A Non-Randomized Controlled Trial.,2025,Applied psychophysiology and biofeedback,10.1007/s10484-024-09671-0,39485585,Europe PMC,2,Y,Corporate/office employees; General/mixed working adults,Wearable / biofeedback device-based,Resilience training; Relaxation / breathing / biofeedback,Unspecified/not named in abstract,Waitlist control,Unspecified in abstract,3,related; work; health; employees; web; work related
"Feasibility, acceptability, and efficacy of a positive emotion regulation intervention to promote resilience for healthcare workers during the COVID-19 pandemic: A randomized controlled trial.",2024,PloS one,10.1371/journal.pone.0305172,38913665,Europe PMC,5,Y,Mixed healthcare workers; General/mixed working adults,Web-based / online platform,Emotion regulation,Unspecified/not named in abstract,Waitlist control,Self-guided / unguided,5,covid; covid 19; 19; health; pandemic; workers
Effectiveness of a Mobile Phone-Based Intervention to Reduce Mental Health Problems in Healthcare Workers During the COVID-19 Pandemic: A Randomized Controlled Trial (PsyCovidApp Trial),2021,,10.2139/ssrn.3749214,,Europe PMC,0,N,Mixed healthcare workers; General/mixed working adults,Smartphone / mobile app; mHealth / eHealth (modality unspecified); Videoconference / telehealth,Psychoeducation,Unspecified/not named in abstract,Unspecified in abstract,Unspecified in abstract,5,covid; covid 19; 19; health; pandemic; workers
Mindfulness-Based Intervention for the Reduction of Compassion Fatigue and Burnout in Nurse Caregivers of Institutionalized Older Persons with Dementia: A Randomized Controlled Trial.,2022,International journal of environmental research and public health,10.3390/ijerph191811441,36141714,Europe PMC,42,Y,Nurses; General/mixed working adults,Web-based / online platform,Mindfulness / MBSR / MBCT,Professional Quality of Life (ProQOL),Unspecified in abstract,Unspecified in abstract,0,mindfulness; professionals; health; compassion; students; virtual
"Effect of Minimal Individual or Group Enhancement in an eHealth Program on Mental Health, Health Behavior, and Work Ability in Employees With Obesity: Randomized Controlled Trial.",2025,JMIR mental health,10.2196/66518,40704713,Europe PMC,1,Y,General/mixed working adults,mHealth / eHealth (modality unspecified),ACT (Acceptance & Commitment),Unspecified/not named in abstract,Unspecified in abstract,Unspecified in abstract,3,related; work; health; employees; web; work related
"Feasibility, acceptability and preliminary efficacy of a mental health self-management app in clinicians working during the COVID-19 pandemic: A pilot randomised controlled trial.",2023,Psychiatry research,10.1016/j.psychres.2023.115493,37778231,Europe PMC,12,N,Mixed healthcare workers; General/mixed working adults,Smartphone / mobile app,Unspecified/other,Unspecified/not named in abstract,Unspecified in abstract,Unspecified in abstract,5,covid; covid 19; 19; health; pandemic; workers
Alleviating staff stress in care homes for people with dementia: protocol for stepped-wedge cluster randomised trial to evaluate a web-based Mindfulness- Stress Reduction course.,2015,BMC psychiatry,10.1186/s12888-015-0703-7,26691663,Europe PMC,10,Y,General/mixed working adults,Web-based / online platform,Mindfulness / MBSR / MBCT,Unspecified/not named in abstract,Unspecified in abstract,Unspecified in abstract,3,related; work; health; employees; web; work related
Effectiveness of an Internet-Based Acceptance and Commitment Therapy Intervention for Reducing Psychological Distress in Health Care Professionals: Randomized Controlled Trial.,2024,Journal of medical Internet research,10.2196/59093,39693127,Europe PMC,3,Y,Mixed healthcare workers; Mental health professionals,Web-based / online platform,Mindfulness / MBSR / MBCT; ACT (Acceptance & Commitment),Unspecified/not named in abstract,Waitlist control,Self-guided / unguided,4,nurses; nursing; job; care; experimental; related
Hybrid Delivery of Mindfulness Meditation and Perceived Stress in Pediatric Resident Physicians: A Randomized Clinical Trial of In-Person and Digital Mindfulness Meditation.,2023,Journal of clinical psychology in medical settings,10.1007/s10880-022-09896-3,35778655,Europe PMC,15,Y,Physicians/Residents,Blended / hybrid delivery,Mindfulness / MBSR / MBCT,Maslach Burnout Inventory (MBI),Waitlist control,Unspecified in abstract,1,coaching; professional; physician; physicians; points; mean
Effectiveness of a mindfulness- and compassion-based online intervention for physician burnout: A randomized controlled trial with mediation and clinical outcome analyses.,2025,General hospital psychiatry,10.1016/j.genhosppsych.2025.09.012,41066794,Europe PMC,0,N,Physicians/Residents,Web-based / online platform,Mindfulness / MBSR / MBCT; Self-compassion / compassion-based,Maslach Burnout Inventory (MBI),Waitlist control,Unspecified in abstract,2,mindfulness; program; compassion; students; training; work
Effects of a combined nature-based and audio-based virtual mindfulness intervention on stress and wellbeing of COVID-19 healthcare workers: a randomized controlled trial.,2025,PeerJ,10.7717/peerj.19109,40421373,Europe PMC,0,Y,Mixed healthcare workers; General/mixed working adults,Audio-based digital program,Mindfulness / MBSR / MBCT; Self-compassion / compassion-based,Unspecified/not named in abstract,Unspecified in abstract,Self-guided / unguided,0,mindfulness; professionals; health; compassion; students; virtual
Improving employees' work-related well-being and physical health through a technology-based physical activity intervention: A randomized intervention-control group study.,2020,Journal of occupational health psychology,10.1037/ocp0000169,31478708,Europe PMC,7,N,Corporate/office employees; General/mixed working adults,Unspecified digital modality,Unspecified/other,Unspecified/not named in abstract,Unspecified in abstract,Unspecified in abstract,3,related; work; health; employees; web; work related
Resilience Training for Work-Related Stress Among Health Care Workers: Results of a Randomized Clinical Trial Comparing In-Person and Smartphone-Delivered Interventions.,2018,Journal of occupational and environmental medicine,10.1097/jom.0000000000001285,29370014,Europe PMC,82,N,Mixed healthcare workers; Corporate/office employees; General/mixed working adults,Unspecified digital modality,Mindfulness / MBSR / MBCT; Resilience training,Unspecified/not named in abstract,Active comparator,Unspecified in abstract,2,mindfulness; program; compassion; students; training; work
The Development and Feasibility of a Novel Group Intervention to Support Helping Professionals in Metabolizing Suffering and Engaging Strengths: The CHRYSALIS Program.,2024,International journal of group psychotherapy,10.1080/00207284.2024.2329565,38621114,Europe PMC,2,N,Unspecified/mixed workforce,Web-based / online platform,Unspecified/other,Unspecified/not named in abstract,Unspecified in abstract,Unspecified in abstract,2,mindfulness; program; compassion; students; training; work
Alleviating Nurse Burnout With an Artificial Intelligence-Selected Mobile Cognitive Behavioral Therapy-Based Intervention: Mixed Methods Randomized Controlled Trial.,2026,JMIR mHealth and uHealth,10.2196/85986,42398032,Europe PMC,0,Y,Nurses,Unspecified digital modality,CBT / iCBT,Unspecified/not named in abstract,Unspecified in abstract,Unspecified in abstract,4,nurses; nursing; job; care; experimental; related
Harness your best self! Testing the feasibility and efficacy of a novel strengths-based internet intervention for improving employee well-being-A two-trial approach.,2026,Applied psychology. Health and well-being,10.1111/aphw.70169,42200693,Europe PMC,0,N,General/mixed working adults,Web-based / online platform,Positive psychology / strengths-based,Unspecified/not named in abstract,Unspecified in abstract,Unspecified in abstract,3,related; work; health; employees; web; work related
Should Mindfulness for Health Care Workers Go Virtual? A Mindfulness-Based Intervention Using Virtual Reality and Heart Rate Variability in the Emergency Department.,2023,Workplace health & safety,10.1177/21650799221123258,36377263,Europe PMC,30,N,Nurses; Physicians/Residents; Mixed healthcare workers; General/mixed working adults,Virtual reality; Smartphone / mobile app,Mindfulness / MBSR / MBCT; Relaxation / breathing / biofeedback,Maslach Burnout Inventory (MBI),Unspecified in abstract,Unspecified in abstract,0,mindfulness; professionals; health; compassion; students; virtual
A Mobile Phone-Based Intervention to Reduce Mental Health Problems in Health Care Workers During the COVID-19 Pandemic (PsyCovidApp): Randomized Controlled Trial.,2021,JMIR mHealth and uHealth,10.2196/27039,33909587,Europe PMC,112,Y,Mixed healthcare workers; Mental health professionals; General/mixed working adults,Smartphone / mobile app; mHealth / eHealth (modality unspecified); Videoconference / telehealth,Mindfulness / MBSR / MBCT; Psychoeducation,Maslach Burnout Inventory (MBI),Unspecified in abstract,Unspecified in abstract,5,covid; covid 19; 19; health; pandemic; workers
"A Randomized Waitlist-Controlled Trial of a Virtual Reality Intervention for Enhancing Professional Commitment, Resilience, and Coping in Long-Term Care Workers.",2026,Workplace health & safety,10.1177/21650799251388467,41369157,Europe PMC,0,N,General/mixed working adults,Virtual reality,Unspecified/other,Unspecified/not named in abstract,Waitlist control,Unspecified in abstract,4,nurses; nursing; job; care; experimental; related
A Web-Based Mindfulness Stress Management Program in a Corporate Call Center: A Randomized Clinical Trial to Evaluate the Added Benefit of Onsite Group Support.,2016,Journal of occupational and environmental medicine,10.1097/jom.0000000000000680,26949875,Europe PMC,53,Y,Unspecified/mixed workforce,Web-based / online platform,Mindfulness / MBSR / MBCT; Stress management (generic),Unspecified/not named in abstract,Waitlist control,Self-guided / unguided,2,mindfulness; program; compassion; students; training; work
Evaluation of a Positive Psychological Intervention to Reduce Work Stress among Rural Community Health Workers in India: Results from a Randomized Pilot Study.,2025,Journal of happiness studies,10.1007/s10902-024-00852-6,39975944,Europe PMC,2,Y,General/mixed working adults,Unspecified digital modality,Positive psychology / strengths-based; Coaching,Unspecified/not named in abstract,Unspecified in abstract,Unspecified in abstract,5,covid; covid 19; 19; health; pandemic; workers
Evaluation of an App-Delivered Psychological Flexibility Skill Training Intervention for Medical Student Burnout and Well-being: Randomized Controlled Trial.,2023,JMIR mental health,10.2196/42566,36745486,Europe PMC,12,Y,Physicians/Residents,Smartphone / mobile app,ACT (Acceptance & Commitment),Unspecified/not named in abstract,Waitlist control,Unspecified in abstract,1,coaching; professional; physician; physicians; points; mean
A Four-Week Online Compassion and Gratitude Training Programme to Enhance Emotion Regulation: Implications for Stress Management and Healthcare Leadership.,2025,"Healthcare (Basel, Switzerland)",10.3390/healthcare14010012,41516942,Europe PMC,0,Y,Mixed healthcare workers,Web-based / online platform,Mindfulness / MBSR / MBCT; Self-compassion / compassion-based; Positive psychology / strengths-based; Stress management (generic); Emotion regulation,Unspecified/not named in abstract,Waitlist control,Self-guided / unguided,2,mindfulness; program; compassion; students; training; work
A group-focused rational emotive behavior coaching for management of academic burnout among undergraduate students: Implications for school administrators.,2019,Medicine,10.1097/md.0000000000016352,31348235,Europe PMC,13,Y,General/mixed working adults,Computer-based / computerized program,Coaching,Oldenburg Burnout Inventory (OLBI),Unspecified in abstract,Unspecified in abstract,1,coaching; professional; physician; physicians; points; mean
Medical students: They're not just little doctors! Impact of an online group-coaching program on medical student well-being: A randomized clinical trial.,2025,PloS one,10.1371/journal.pone.0328546,40794712,Europe PMC,0,Y,Physicians/Residents,Web-based / online platform,Self-compassion / compassion-based; Coaching,Maslach Burnout Inventory (MBI),Unspecified in abstract,Unspecified in abstract,1,coaching; professional; physician; physicians; points; mean
Resilience as a Mediator in a Web-Based Intervention (MINDxYOU) to Reduce Stress Among Health Care Professionals: Stepped-Wedge Cluster Randomized Trial.,2026,JMIR mental health,10.2196/82905,41662682,Europe PMC,1,Y,Mixed healthcare workers,Web-based / online platform,Mindfulness / MBSR / MBCT,Unspecified/not named in abstract,Unspecified in abstract,Self-guided / unguided,0,mindfulness; professionals; health; compassion; students; virtual
Efficacy of a Web-Based Stress Management Intervention for Beginning Teachers on Reducing Stress and Mechanisms of Change: Randomized Controlled Trial.,2025,Journal of medical Internet research,10.2196/58475,40522725,Europe PMC,1,Y,Teachers/Educators; General/mixed working adults,Web-based / online platform,Stress management (generic); Emotion regulation,Unspecified/not named in abstract,Waitlist control,Unspecified in abstract,2,mindfulness; program; compassion; students; training; work
"Effectiveness of a chatbot in improving the mental wellbeing of health workers in Malawi during the COVID-19 pandemic: A randomized, controlled trial.",2024,PloS one,10.1371/journal.pone.0303370,38805444,Europe PMC,19,Y,Mixed healthcare workers; General/mixed working adults,Chatbot / conversational AI,Resilience training,Oldenburg Burnout Inventory (OLBI),Unspecified in abstract,Unspecified in abstract,5,covid; covid 19; 19; health; pandemic; workers
"The effect of Emotional Freedom Techniques on nurses' stress, anxiety, and burnout levels during the COVID-19 pandemic: A randomized controlled trial.",2021,"Explore (New York, N.Y.)",10.1016/j.explore.2020.11.012,33293201,Europe PMC,97,Y,Nurses; Mixed healthcare workers; General/mixed working adults,Unspecified digital modality,Unspecified/other,Unspecified/not named in abstract,No-intervention control,Unspecified in abstract,5,covid; covid 19; 19; health; pandemic; workers
Predictors of dropout in cognitive behavior and interpersonal online brief psychotherapies for essential professionals during the COVID-19 pandemic.,2024,Scientific reports,10.1038/s41598-024-81327-9,39639086,Europe PMC,1,Y,Mental health professionals; General/mixed working adults,Unspecified digital modality,CBT / iCBT,Burnout Assessment Tool (BAT),Unspecified in abstract,Unspecified in abstract,5,covid; covid 19; 19; health; pandemic; workers
Efficacy of a brief psychological intervention to reduce distress in healthcare workers during the COVID-19 pandemic: A randomized controlled trial.,2023,"Psychological trauma : theory, research, practice and policy",10.1037/tra0001524,38885428,Europe PMC,8,N,Mixed healthcare workers; General/mixed working adults,Videoconference / telehealth,Unspecified/other,Unspecified/not named in abstract,Treatment as usual / usual care,Unspecified in abstract,5,covid; covid 19; 19; health; pandemic; workers
Exploring the feasibility of a web-based positive psychology program among anaesthesiologists: an explanatory sequential mixed-methods pilot study.,2026,BMC medical education,10.1186/s12909-026-09459-2,42151903,Europe PMC,0,Y,Physicians/Residents; Mixed healthcare workers,Web-based / online platform,Positive psychology / strengths-based,Copenhagen Burnout Inventory (CBI),Waitlist control,Unspecified in abstract,2,mindfulness; program; compassion; students; training; work
The Effect of Inner Engineering Online (IEO) Program on Reducing Stress for Information Technology Professionals: A Randomized Control Study.,2022,Evidence-based complementary and alternative medicine : eCAM,10.1155/2022/9001828,35027938,Europe PMC,6,Y,General/mixed working adults,Web-based / online platform,Mindfulness / MBSR / MBCT,Unspecified/not named in abstract,Active comparator,Unspecified in abstract,3,related; work; health; employees; web; work related
Effectiveness of Mobile-Delivered Exercise and Yoga Programs on Depressive Symptom Reduction in Employees: Randomized Controlled Trial.,2026,JMIR human factors,10.2196/80287,42687778,Europe PMC,0,Y,General/mixed working adults,Smartphone / mobile app,CBT / iCBT; Stress management (generic),Unspecified/not named in abstract,Unspecified in abstract,Self-guided / unguided,3,related; work; health; employees; web; work related
Optimizing the Work of Learning for Flourishing: A Randomized Pilot Study of a Digital CBT-Based Intervention in Medical Students.,2026,Academic psychiatry : the journal of the American Association of Directors of Psychiatric Residency Training and the Association for Academic Psychiatry,10.1007/s40596-026-02308-w,41652149,Europe PMC,0,Y,Unspecified/mixed workforce,Audio-based digital program,CBT / iCBT,Unspecified/not named in abstract,Unspecified in abstract,Self-guided / unguided,2,mindfulness; program; compassion; students; training; work
Randomized controlled trial of job crafting as a digital health intervention for occupational burnout in psychological therapists.,2026,Journal of consulting and clinical psychology,10.1037/ccp0000992,42080863,Europe PMC,0,N,Mental health professionals; General/mixed working adults,mHealth / eHealth (modality unspecified),Unspecified/other,Unspecified/not named in abstract,Waitlist control,Unspecified in abstract,5,covid; covid 19; 19; health; pandemic; workers
Work-Focused Versus Generic Internet-Based Interventions for Employees With Stress-Related Disorders: Randomized Controlled Trial.,2023,Journal of medical Internet research,10.2196/34446,37097739,Europe PMC,16,Y,General/mixed working adults,Web-based / online platform,CBT / iCBT,Shirom-Melamed (SMBM),Waitlist control,Unspecified in abstract,3,related; work; health; employees; web; work related
Developing Self-Compassion in Healthcare Professionals Utilising a Brief Online Intervention: A Randomised Waitlist Control Trial.,2024,International journal of environmental research and public health,10.3390/ijerph21101346,39457319,Europe PMC,5,Y,Mixed healthcare workers; General/mixed working adults,Web-based / online platform,Self-compassion / compassion-based,Unspecified/not named in abstract,Waitlist control,Self-guided / unguided,2,mindfulness; program; compassion; students; training; work
Digital health interventions for occupational burnout in healthcare professionals: a multi-site randomised non-inferiority trial.,2025,Behaviour research and therapy,10.1016/j.brat.2025.104919,41240471,Europe PMC,1,N,Mixed healthcare workers; General/mixed working adults,Unspecified digital modality,CBT / iCBT,Oldenburg Burnout Inventory (OLBI),Unspecified in abstract,Unspecified in abstract,1,coaching; professional; physician; physicians; points; mean
Resource-Based Internet Intervention (Med-Stress) to Improve Well-Being Among Medical Professionals: Randomized Controlled Trial.,2021,Journal of medical Internet research,10.2196/21445,33427674,Europe PMC,28,Y,Unspecified/mixed workforce,Unspecified digital modality,Unspecified/other,Unspecified/not named in abstract,Active comparator,Self-guided / unguided,3,related; work; health; employees; web; work related
Efficacy of a Workplace Intervention Program With Web-Based Online and Offline Modalities for Improving Workers' Mental Health.,2022,Frontiers in psychiatry,10.3389/fpsyt.2022.888157,35711597,Europe PMC,11,Y,General/mixed working adults,Web-based / online platform,Psychoeducation,Maslach Burnout Inventory (MBI),Unspecified in abstract,Unspecified in abstract,3,related; work; health; employees; web; work related
Effect of a Novel Online Group-Coaching Program to Reduce Burnout in Female Resident Physicians: A Randomized Clinical Trial.,2022,JAMA network open,10.1001/jamanetworkopen.2022.10752,35522281,Europe PMC,97,Y,Physicians/Residents; Mixed healthcare workers,Web-based / online platform,Self-compassion / compassion-based; Coaching,Maslach Burnout Inventory (MBI),Unspecified in abstract,Therapist/coach-guided,1,coaching; professional; physician; physicians; points; mean
A Randomized Controlled Feasibility Study to Evaluate the Online Delivery of Storytelling Through Music With Oncology Nurses.,2026,Cancer nursing,10.1097/ncc.0000000000001441,39701577,Europe PMC,3,N,Nurses,Unspecified digital modality,Psychoeducation,Unspecified/not named in abstract,Waitlist control,Unspecified in abstract,4,nurses; nursing; job; care; experimental; related
A randomized trial comparing two models of web-based training in cognitive-behavioral therapy for substance abuse counselors.,2009,Journal of substance abuse treatment,10.1016/j.jsat.2009.01.002,19339136,Europe PMC,48,N,Mixed healthcare workers; Mental health professionals,Web-based / online platform,CBT / iCBT,Unspecified/not named in abstract,Unspecified in abstract,Self-guided / unguided,3,related; work; health; employees; web; work related
A Brief Online Program Integrating Mindfulness and Stretching Exercises: Effects on Well-Being in Health Sciences Students.,2025,Journal of clinical psychology,10.1002/jclp.70034,40802831,Europe PMC,0,Y,Mixed healthcare workers,Web-based / online platform,Mindfulness / MBSR / MBCT; Self-compassion / compassion-based,Unspecified/not named in abstract,Unspecified in abstract,Unspecified in abstract,0,mindfulness; professionals; health; compassion; students; virtual
An online mindfulness-based intervention for undergraduate pharmacy students: Results of a mixed-methods feasibility study.,2019,Currents in pharmacy teaching & learning,10.1016/j.cptl.2019.05.013,31570123,Europe PMC,27,N,Unspecified/mixed workforce,Unspecified digital modality,Mindfulness / MBSR / MBCT,Maslach Burnout Inventory (MBI),Unspecified in abstract,Unspecified in abstract,2,mindfulness; program; compassion; students; training; work
Risk of Secondary Traumatic Stress in Treating Traumatized Military Populations: Results from the PTSD Clinicians Exchange.,2020,Military medicine,10.1093/milmed/usaa078,32588891,Europe PMC,5,N,Mixed healthcare workers,Unspecified digital modality,Emotion regulation,Unspecified/not named in abstract,Unspecified in abstract,Unspecified in abstract,5,covid; covid 19; 19; health; pandemic; workers
"Self-paced acceptance and commitment training reduces burden transfer, stress, and burnout in veterinary healthcare teams.",2023,Journal of the American Veterinary Medical Association,10.2460/javma.23.01.0037,36965475,Europe PMC,2,N,Veterinary staff; General/mixed working adults,Videoconference / telehealth,ACT (Acceptance & Commitment),Unspecified/not named in abstract,Unspecified in abstract,Self-guided / unguided,2,mindfulness; program; compassion; students; training; work
The effects of mindfulness meditation on burnout in clinical genetic counselors: A three-arm randomized controlled trial.,2026,Journal of genetic counseling,10.1002/jgc4.70241,42316983,Europe PMC,0,Y,Mixed healthcare workers; Mental health professionals,Smartphone / mobile app,Mindfulness / MBSR / MBCT,Unspecified/not named in abstract,Active comparator,Unspecified in abstract,1,coaching; professional; physician; physicians; points; mean
'Dear Doctor': a randomised controlled trial of a text message intervention to reduce burnout in trainee anaesthetists.,2022,Anaesthesia,10.1111/anae.15643,35026055,Europe PMC,13,N,Physicians/Residents,Unspecified digital modality,Self-compassion / compassion-based,Copenhagen Burnout Inventory (CBI),Unspecified in abstract,Unspecified in abstract,2,mindfulness; program; compassion; students; training; work
The impact of need-based care on formal caregivers' wellbeing in nursing homes: A cluster randomized controlled trial.,2024,International journal of nursing studies,10.1016/j.ijnurstu.2023.104654,38101268,Europe PMC,4,N,Nurses; General/mixed working adults,Unspecified digital modality,Unspecified/other,Unspecified/not named in abstract,Unspecified in abstract,Unspecified in abstract,4,nurses; nursing; job; care; experimental; related
Sudarshan Kriya Yoga Breathing and a Meditation Program for Burnout Among Physicians: A Randomized Clinical Trial.,2024,JAMA network open,10.1001/jamanetworkopen.2023.53978,38294813,Europe PMC,14,Y,Physicians/Residents,Unspecified digital modality,Mindfulness / MBSR / MBCT; Stress management (generic); Relaxation / breathing / biofeedback,Unspecified/not named in abstract,Unspecified in abstract,Unspecified in abstract,1,coaching; professional; physician; physicians; points; mean
A Pilot Randomized Controlled Trial of a Single-Session Intervention to Reduce Training Psychologists' Burnout.,2025,Behavior therapy,10.1016/j.beth.2024.06.004,39814510,Europe PMC,1,N,Mental health professionals,Unspecified digital modality,Unspecified/other,Unspecified/not named in abstract,Active comparator,Unspecified in abstract,3,related; work; health; employees; web; work related
The effect of active occupational stress management on psychosocial and physiological wellbeing: a pilot study.,2020,BMC medical informatics and decision making,10.1186/s12911-020-01347-z,33272279,Europe PMC,4,Y,Unspecified/mixed workforce,mHealth / eHealth (modality unspecified),Stress management (generic),Unspecified/not named in abstract,Unspecified in abstract,Unspecified in abstract,3,related; work; health; employees; web; work related
Investigating the impact of the RENEW program on enhancing nurses' resilience: a randomized controlled trial.,2026,BMC psychology,10.1186/s40359-026-03967-y,41612463,Europe PMC,2,Y,Nurses,Unspecified digital modality,Unspecified/other,Unspecified/not named in abstract,Unspecified in abstract,Unspecified in abstract,5,covid; covid 19; 19; health; pandemic; workers
Reducing nurses' stress: A randomized controlled trial of a web-based stress management program for nurses.,2016,Applied nursing research : ANR,10.1016/j.apnr.2016.04.003,27969025,Europe PMC,88,N,Nurses,Web-based / online platform,Stress management (generic),Unspecified/not named in abstract,Unspecified in abstract,Unspecified in abstract,4,nurses; nursing; job; care; experimental; related
Impact of an Online Group-Coaching Program on Ambulatory Faculty Physician Well-Being: A Randomized Trial.,2025,Journal of the American Board of Family Medicine : JABFM,10.3122/jabfm.2024.240022r1,39725465,Europe PMC,7,N,Physicians/Residents; Mixed healthcare workers,Unspecified digital modality,Self-compassion / compassion-based; Coaching,Unspecified/not named in abstract,Unspecified in abstract,Unspecified in abstract,1,coaching; professional; physician; physicians; points; mean
Nurse leader well-being: Optimizing sleep with a randomized pilot study of a digital sleep intervention.,2026,Nursing management,10.1097/nmg.0000000000000351,41746772,Europe PMC,0,N,Nurses,Unspecified digital modality,Unspecified/other,Unspecified/not named in abstract,Waitlist control,Unspecified in abstract,2,mindfulness; program; compassion; students; training; work
Impact of alternative terminology for depression on help-seeking intention: A randomized online trial.,2023,Journal of clinical psychology,10.1002/jclp.23410,35802773,Europe PMC,5,Y,Mental health professionals,Unspecified digital modality,Unspecified/other,Unspecified/not named in abstract,Unspecified in abstract,Unspecified in abstract,1,coaching; professional; physician; physicians; points; mean
A randomized controlled trial investigating digital resilience training for healthcare professionals.,2025,Scientific reports,10.1038/s41598-025-28028-z,41444278,Europe PMC,1,Y,Mixed healthcare workers,Unspecified digital modality,Resilience training,Unspecified/not named in abstract,Unspecified in abstract,Unspecified in abstract,1,coaching; professional; physician; physicians; points; mean
Internet-based stress management for distressed managers: results from a randomised controlled trial.,2018,Occupational and environmental medicine,10.1136/oemed-2017-104458,28855344,Europe PMC,46,Y,Mental health professionals; Corporate/office employees; General/mixed working adults,Web-based / online platform,CBT / iCBT; Stress management (generic),Unspecified/not named in abstract,Active comparator,Unspecified in abstract,3,related; work; health; employees; web; work related
A Smartphone App to Reduce Burnout in the Emergency Department: A Pilot Randomized Controlled Trial.,2023,Workplace health & safety,10.1177/21650799221123261,36373628,Europe PMC,10,Y,Mixed healthcare workers,Smartphone / mobile app,Mindfulness / MBSR / MBCT; Resilience training,Maslach Burnout Inventory (MBI),Waitlist control,Unspecified in abstract,0,mindfulness; professionals; health; compassion; students; virtual
Online Well-Being Group Coaching Program for Women Physician Trainees: A Randomized Clinical Trial.,2023,JAMA network open,10.1001/jamanetworkopen.2023.35541,37792378,Europe PMC,46,Y,Physicians/Residents,Web-based / online platform,Self-compassion / compassion-based; Coaching,Maslach Burnout Inventory (MBI),Unspecified in abstract,Unspecified in abstract,1,coaching; professional; physician; physicians; points; mean
Selective Prevention of Depression in Workers Using a Smartphone App: Randomized Controlled Trial.,2023,Journal of medical Internet research,10.2196/45963,37616040,Europe PMC,7,Y,General/mixed working adults,Smartphone / mobile app; Web-based / online platform,Mindfulness / MBSR / MBCT; CBT / iCBT; Psychoeducation,Unspecified/not named in abstract,Unspecified in abstract,Self-guided / unguided,3,related; work; health; employees; web; work related
Effects of a Mindfulness-Based Intervention for Teachers: a Study on Teacher and Student Outcomes.,2021,Mindfulness,10.1007/s12671-021-01635-3,33903804,Europe PMC,20,Y,Teachers/Educators,Unspecified digital modality,Mindfulness / MBSR / MBCT; Emotion regulation,Unspecified/not named in abstract,Unspecified in abstract,Unspecified in abstract,2,mindfulness; program; compassion; students; training; work
Effects of mobile mindfulness on emergency department work stress: A randomised controlled trial.,2022,Emergency medicine Australasia : EMA,10.1111/1742-6723.13836,34378320,Europe PMC,23,N,General/mixed working adults,Smartphone / mobile app,Mindfulness / MBSR / MBCT,Maslach Burnout Inventory (MBI),Unspecified in abstract,Unspecified in abstract,2,mindfulness; program; compassion; students; training; work
Evidence-Based Resilience Intervention for Nursing Students: a Randomized Controlled Pilot Trial.,2020,International journal of applied positive psychology,10.1007/s41042-020-00034-8,38624299,Europe PMC,16,Y,Nurses,Unspecified digital modality,Unspecified/other,Unspecified/not named in abstract,Unspecified in abstract,Unspecified in abstract,1,coaching; professional; physician; physicians; points; mean
Resilience Among Healthcare Staff: A Randomized Controlled Trial of a Digital Training Program.,2025,Journal of clinical psychology in medical settings,10.1007/s10880-025-10085-1,40544401,Europe PMC,4,Y,Nurses; Mixed healthcare workers; General/mixed working adults,Unspecified digital modality,Resilience training; Relaxation / breathing / biofeedback,Unspecified/not named in abstract,Waitlist control,Unspecified in abstract,4,nurses; nursing; job; care; experimental; related
AI-Assisted Tailored Intervention for Nurse Burnout: A Three-Group Randomized Controlled Trial.,2025,Worldviews on evidence-based nursing,10.1111/wvn.70003,39981583,Europe PMC,15,Y,Nurses,Unspecified digital modality,Mindfulness / MBSR / MBCT,Unspecified/not named in abstract,Unspecified in abstract,Unspecified in abstract,4,nurses; nursing; job; care; experimental; related
Brief mindfulness coaching enhances selective attention in medical scientists: A pilot study.,2025,PloS one,10.1371/journal.pone.0330290,40938915,Europe PMC,1,Y,General/mixed working adults,Unspecified digital modality,Mindfulness / MBSR / MBCT; Self-compassion / compassion-based; Coaching,Unspecified/not named in abstract,Waitlist control,Unspecified in abstract,2,mindfulness; program; compassion; students; training; work
"Randomized controlled trial of the ""WISER"" intervention to reduce healthcare worker burnout.",2021,Journal of perinatology : official journal of the California Perinatal Association,10.1038/s41372-021-01100-y,34366432,Europe PMC,46,Y,Nurses; Mixed healthcare workers; General/mixed working adults,Web-based / online platform,Unspecified/other,Unspecified/not named in abstract,Waitlist control,Unspecified in abstract,6,hcw; cohorts; healthcare worker; worker; cohort; hcws
Effects of mindfulness-based stress reduction on ICU nurses' resilience and well-being.,2026,Intensive & critical care nursing,10.1016/j.iccn.2025.104258,41285085,Europe PMC,0,N,Nurses,Unspecified digital modality,Mindfulness / MBSR / MBCT; Emotion regulation,Unspecified/not named in abstract,Unspecified in abstract,Unspecified in abstract,4,nurses; nursing; job; care; experimental; related
A tailored online mindfulness intervention for junior doctors: a mixed-methods study,2025,,10.21203/rs.3.rs-8126060/v1,,Europe PMC,0,N,Physicians/Residents,Web-based / online platform,Mindfulness / MBSR / MBCT; Self-compassion / compassion-based; Emotion regulation,Maslach Burnout Inventory (MBI),Waitlist control,Unspecified in abstract,2,mindfulness; program; compassion; students; training; work
Randomized controlled trial of emotion-focused training for helping professionals.,2022,Frontiers in psychology,10.3389/fpsyg.2022.1024451,36619043,Europe PMC,8,Y,Unspecified/mixed workforce,Web-based / online platform,Self-compassion / compassion-based,Unspecified/not named in abstract,Unspecified in abstract,Unspecified in abstract,2,mindfulness; program; compassion; students; training; work
"""WISER"" intervention to reduce healthcare worker burnout - 1 year follow up.",2024,Journal of perinatology : official journal of the California Perinatal Association,10.1038/s41372-024-01993-5,38734802,Europe PMC,4,N,Mixed healthcare workers; General/mixed working adults,Web-based / online platform,Unspecified/other,Unspecified/not named in abstract,Waitlist control,Unspecified in abstract,6,hcw; cohorts; healthcare worker; worker; cohort; hcws
Intervention for job burnout reduction among a sample of Nigerian lecturers.,2023,Medicine,10.1097/md.0000000000033425,37058029,Europe PMC,2,Y,General/mixed working adults,Web-based / online platform,Unspecified/other,Oldenburg Burnout Inventory (OLBI),Unspecified in abstract,Unspecified in abstract,4,nurses; nursing; job; care; experimental; related
Digital Meditation to Target Employee Stress: A Randomized Clinical Trial.,2025,JAMA network open,10.1001/jamanetworkopen.2024.54435,39808431,Europe PMC,5,Y,General/mixed working adults,Unspecified digital modality,Mindfulness / MBSR / MBCT,Unspecified/not named in abstract,Unspecified in abstract,Unspecified in abstract,1,coaching; professional; physician; physicians; points; mean
Personalised yoga for burnout and traumatic stress in junior doctors.,2020,Postgraduate medical journal,10.1136/postgradmedj-2019-137413,32300055,Europe PMC,23,N,Physicians/Residents,mHealth / eHealth (modality unspecified),Mindfulness / MBSR / MBCT,Maslach Burnout Inventory (MBI); Professional Quality of Life (ProQOL),Unspecified in abstract,Unspecified in abstract,1,coaching; professional; physician; physicians; points; mean
"[Mindfulness for medical, surgical and psychiatric residents].",2019,Tijdschrift voor psychiatrie,,30896030,Europe PMC,3,N,Unspecified/mixed workforce,Unspecified digital modality,Mindfulness / MBSR / MBCT; Self-compassion / compassion-based,Unspecified/not named in abstract,Waitlist control,Unspecified in abstract,2,mindfulness; program; compassion; students; training; work
A preliminary comparison of the efficacy of online Acceptance and Commitment Therapy (ACT) and Cognitive Behavioural Therapy (CBT) stress management interventions for social and healthcare workers,2020,Health & Social Care in the Community,10.1111/hsc.13074,,OpenAlex,77,,Mixed healthcare workers; Mental health professionals; General/mixed working adults,Web-based / online platform,CBT / iCBT; ACT (Acceptance & Commitment); Stress management (generic),Unspecified/not named in abstract,Unspecified in abstract,Unspecified in abstract,5,covid; covid 19; 19; health; pandemic; workers
A Mindfulness-Based Cognitive Therapy (MBCT) Intervention to Improve Resilience and Mitigate Symptoms of Burnout Syndrome in Critical Care Nurses: Results of a Randomized Trial,2021,Open Journal of Nursing,10.4236/ojn.2021.118055,,OpenAlex,18,,Nurses,Web-based / online platform,Mindfulness / MBSR / MBCT,Unspecified/not named in abstract,Active comparator,Unspecified in abstract,3,related; work; health; employees; web; work related
"The Effectiveness of an Online Positive Psychology Intervention among Healthcare Professionals with Depression, Anxiety or Stress Symptoms and Burnout",2021,Psychology,10.4236/psych.2021.123025,,OpenAlex,19,,Mixed healthcare workers,Web-based / online platform,Positive psychology / strengths-based,Maslach Burnout Inventory (MBI),Active comparator,Unspecified in abstract,0,mindfulness; professionals; health; compassion; students; virtual
Coaching for workers with chronic illness: Evaluating an intervention.,2014,Journal of Occupational Health Psychology,10.1037/a0036601,,OpenAlex,118,,General/mixed working adults,Videoconference / telehealth,Coaching,Unspecified/not named in abstract,Unspecified in abstract,Unspecified in abstract,3,related; work; health; employees; web; work related
Mindfulness-Based Social Work and Self-Care with Social Work Professionals: Replication and Expansion of a Randomised Controlled Trial,2024,The British Journal of Social Work,10.1093/bjsw/bcae011,,OpenAlex,15,,Mental health professionals; Corporate/office employees; General/mixed working adults,Unspecified digital modality,Mindfulness / MBSR / MBCT; Emotion regulation,Unspecified/not named in abstract,Active comparator; Alternative digital intervention,Unspecified in abstract,2,mindfulness; program; compassion; students; training; work
"A randomized, controlled study of an online intervention to promote job satisfaction and well-being among physicians",2016,Burnout Research,10.1016/j.burn.2016.06.002,,OpenAlex,50,,Physicians/Residents,Web-based / online platform,Unspecified/other,Unspecified/not named in abstract,Unspecified in abstract,Self-guided / unguided,1,coaching; professional; physician; physicians; points; mean
P02.63. Efficacy of an 8-week online mindfulness stress management program in a corporate call center,2012,BMC Complementary and Alternative Medicine,10.1186/1472-6882-12-s1-p119,,OpenAlex,9,,Unspecified/mixed workforce,Unspecified digital modality,Mindfulness / MBSR / MBCT; Stress management (generic),Maslach Burnout Inventory (MBI),Waitlist control,Unspecified in abstract,2,mindfulness; program; compassion; students; training; work
"An Online Intervention Increases Empathy, Resilience, and Work Engagement Among Physical Therapy Students.",2018,PubMed,,,OpenAlex,22,,Unspecified/mixed workforce,Web-based / online platform,Unspecified/other,Unspecified/not named in abstract,Unspecified in abstract,Unspecified in abstract,2,mindfulness; program; compassion; students; training; work
Head start staff well-being: early impact results from a cluster randomized controlled trial (RCT) of the Happy Teacher Wellness Intervention,2026,Early Childhood Research Quarterly,10.1016/j.ecresq.2026.01.001,,OpenAlex,5,,Teachers/Educators; General/mixed working adults,Wearable / biofeedback device-based,Stress management (generic); Coaching,Unspecified/not named in abstract,Unspecified in abstract,Self-guided / unguided,1,coaching; professional; physician; physicians; points; mean
Better Together: A Novel Online Physician Group Coaching Program to Reduce Burnout in Trainees: A Longitudinal Analysis,2023,Academic Medicine,10.1097/acm.0000000000005412,,OpenAlex,3,,Physicians/Residents; General/mixed working adults,Unspecified digital modality,Self-compassion / compassion-based; Coaching,Unspecified/not named in abstract,Unspecified in abstract,Unspecified in abstract,1,coaching; professional; physician; physicians; points; mean
Satisfying students' psychological needs in the classroom: Benefits of an online intervention to help primary school teachers during a pandemic academic year,2023,Teaching and Teacher Education,10.1016/j.tate.2023.104281,,OpenAlex,19,,Teachers/Educators,Web-based / online platform,Unspecified/other,Unspecified/not named in abstract,Unspecified in abstract,Unspecified in abstract,0,mindfulness; professionals; health; compassion; students; virtual
Positive expressive writing as a tool for alleviating burnout and enhancing wellbeing in teachers and other full-time workers,2022,Cogent Psychology,10.1080/23311908.2022.2060628,,OpenAlex,19,,Teachers/Educators; General/mixed working adults,Unspecified digital modality,Positive psychology / strengths-based,Unspecified/not named in abstract,Unspecified in abstract,Unspecified in abstract,0,mindfulness; professionals; health; compassion; students; virtual
Effects of online content-focused coaching on reducing the risk of professional burnout among elementary school teachers: The example of educational leadership in the United Arab Emirates,2025,The Journal of General Psychology,10.1080/00221309.2025.2587892,,OpenAlex,1,,Teachers/Educators,Unspecified digital modality,Coaching,Maslach Burnout Inventory (MBI),Unspecified in abstract,Unspecified in abstract,4,nurses; nursing; job; care; experimental; related
Evaluation of the Online Sport-Specific Mindfulemotions Program in a Population of Scandinavian Elite Athletes Measuring Psychological Parameters,2023,Scandinavian Journal of Sport and Exercise Psychology,10.7146/sjsep.v5i.133568,,OpenAlex,1,,Unspecified/mixed workforce,Web-based / online platform,Mindfulness / MBSR / MBCT; Self-compassion / compassion-based,Maslach Burnout Inventory (MBI),Unspecified in abstract,Unspecified in abstract,2,mindfulness; program; compassion; students; training; work
Evaluating an online four-session loving-kindness and compassion meditation training on improving psychological well-being among healthcare professionals in Hong Kong: a pilot randomised controlled study,2025,Cogent Psychology,10.1080/23311908.2025.2510737,,OpenAlex,1,,Mixed healthcare workers,Unspecified digital modality,Mindfulness / MBSR / MBCT; Self-compassion / compassion-based,Unspecified/not named in abstract,Waitlist control,Unspecified in abstract,0,mindfulness; professionals; health; compassion; students; virtual
Mindfulness for Midwives: Supporting Health and Well‐Being for Our Clients and Ourselves,2023,Journal of Midwifery & Women s Health,10.1111/jmwh.13572,,OpenAlex,2,,Nurses; Physicians/Residents; Mixed healthcare workers; Mental health professionals; General/mixed working adults,Web-based / online platform,Mindfulness / MBSR / MBCT; Emotion regulation,Unspecified/not named in abstract,Unspecified in abstract,Unspecified in abstract,0,mindfulness; professionals; health; compassion; students; virtual
The effect of a gratitude program on job stress & burnout in Esfahan prehospital technicians,2020,DOAJ (DOAJ: Directory of Open Access Journals),,,OpenAlex,3,,Nurses; General/mixed working adults,Web-based / online platform,Positive psychology / strengths-based,Maslach Burnout Inventory (MBI),Unspecified in abstract,Unspecified in abstract,4,nurses; nursing; job; care; experimental; related
"A Randomized Controlled Trial of a Guided and Individualized, Web-Based, Stress Management Program for Stressed Managers",2014,,,,OpenAlex,0,,Mental health professionals; Corporate/office employees,Web-based / online platform,Stress management (generic),Unspecified/not named in abstract,Active comparator,Unspecified in abstract,3,related; work; health; employees; web; work related
Evaluating a Digital Mindful Self-Compassion Intervention to Reduce Compassion Fatigue in Violence Service Workers: A Pilot Randomised Controlled Trial,2025,Konselor,10.24036/02025142127-0-86,,OpenAlex,0,,General/mixed working adults,Unspecified digital modality,Mindfulness / MBSR / MBCT; Self-compassion / compassion-based,Professional Quality of Life (ProQOL),Waitlist control,Self-guided / unguided,0,mindfulness; professionals; health; compassion; students; virtual
"Effect of a Brief Intervention Program on Burnout among Medical Students at Faculty of Medicine in Suez Canal University, Egypt",2022,Suez Canal University Medical Journal,10.21608/scumj.2022.260723,,OpenAlex,1,,Physicians/Residents,Computer-based / computerized program,Unspecified/other,Maslach Burnout Inventory (MBI),Unspecified in abstract,Unspecified in abstract,2,mindfulness; program; compassion; students; training; work
A Randomized Controlled Trial of a Longitudinal Mindfulness Intervention to Decrease Burnout in Medical Residents,2019,Open Scholarship Institutional Repository (Washington University in St. Louis),10.7936/0qmc-wh58,,OpenAlex,0,,Physicians/Residents,Smartphone / mobile app,Mindfulness / MBSR / MBCT,Maslach Burnout Inventory (MBI),Unspecified in abstract,Unspecified in abstract,0,mindfulness; professionals; health; compassion; students; virtual
Online Mindfulness Training and Work-related Outcomes: A Randomized Waitlist Controlled Trial,2026,ScholarsArchive  (Brigham Young University),10.17605/osf.io/se6vn,,OpenAlex,0,,General/mixed working adults,Web-based / online platform,Mindfulness / MBSR / MBCT; Self-compassion / compassion-based; Emotion regulation,Oldenburg Burnout Inventory (OLBI),Waitlist control,Self-guided / unguided,2,mindfulness; program; compassion; students; training; work
Efficacy of an Online Mindfulness Training to Improve Well-Being in K-12 Teachers: A Randomized Waitlist Controlled Trial,2024,ScholarsArchive  (Brigham Young University),,,OpenAlex,0,,Teachers/Educators,Unspecified digital modality,Mindfulness / MBSR / MBCT; Emotion regulation,Unspecified/not named in abstract,Waitlist control,Self-guided / unguided,2,mindfulness; program; compassion; students; training; work
Mental and physical training with meditation and aerobic exercise improved mental health and well-being in teachers during the COVID-19 pandemic,2022,Frontiers in Human Neuroscience,10.3389/fnhum.2022.847301,,OpenAlex,23,,Teachers/Educators,Unspecified digital modality,Mindfulness / MBSR / MBCT; Self-compassion / compassion-based,Unspecified/not named in abstract,Unspecified in abstract,Unspecified in abstract,5,covid; covid 19; 19; health; pandemic; workers
AIZEN Digital Meditation Intervention for Caregiver Burnout in Taiwan—A Pilot Randomized Trial,2026,Mindfulness,10.1007/s12671-026-02854-2,,OpenAlex,0,,Unspecified/mixed workforce,Unspecified digital modality,Mindfulness / MBSR / MBCT,Copenhagen Burnout Inventory (CBI),Waitlist control,Unspecified in abstract,4,nurses; nursing; job; care; experimental; related
BiWell: Bicocca + Workplace Well-being. An effectiveness analysis of a smartphone app for managing stress and promoting well-being at work,2025,,10.17605/osf.io/vxj95,,OpenAlex,0,,General/mixed working adults,Smartphone / mobile app; mHealth / eHealth (modality unspecified),Mindfulness / MBSR / MBCT; Self-compassion / compassion-based; Positive psychology / strengths-based; Stress management (generic),Unspecified/not named in abstract,Active comparator,Unspecified in abstract,2,mindfulness; program; compassion; students; training; work
Edu:Social School Study: Promoting well-being and socio-emotional competencies for school teachers with App-based Mindfulness and Dyad-based empathy-compassion trainings.,2026,OSF Preprints (OSF Preprints),,,OpenAlex,0,,Teachers/Educators,Smartphone / mobile app; Web-based / online platform,Mindfulness / MBSR / MBCT; Self-compassion / compassion-based; Stress management (generic); Emotion regulation,Maslach Burnout Inventory (MBI),Waitlist control; Active comparator,Unspecified in abstract,2,mindfulness; program; compassion; students; training; work
Greater Resilience Information Toolkit Japanese Version (GRIT-J),2026,OSF Preprints (OSF Preprints),10.17605/osf.io/8zav3,,OpenAlex,0,,Nurses,Unspecified digital modality,Psychoeducation,Unspecified/not named in abstract,Unspecified in abstract,Self-guided / unguided,3,related; work; health; employees; web; work related
Promoting Mental Health in Small Business Leaders: A Randomized Controlled Study in France,2025,,10.17605/osf.io/n4xw9,,OpenAlex,0,,Mental health professionals; Corporate/office employees,Unspecified digital modality,Mindfulness / MBSR / MBCT; Relaxation / breathing / biofeedback; Coaching,Unspecified/not named in abstract,Unspecified in abstract,Unspecified in abstract,2,mindfulness; program; compassion; students; training; work
Beyond Nature Videos: Evaluating BioMusic Breaks for Burnt-Out Nonprofit Workers as a Workplace Restoration Intervention,2026,,10.17605/osf.io/27k3h,,OpenAlex,0,,General/mixed working adults,Wearable / biofeedback device-based,Unspecified/other,Unspecified/not named in abstract,Unspecified in abstract,Unspecified in abstract,0,mindfulness; professionals; health; compassion; students; virtual
Improving Teacher Wellbeing: A Randomized Pilot Study of an Online Self-Guided Single Session Consultation Intervention,2024,"ERIC document (ProQuest dissertation, ED658593)",,,ERIC,0,,Teachers/Educators,Web-based / online platform,Unspecified/other,Unspecified/not named in abstract,Waitlist control,Self-guided / unguided,4,nurses; nursing; job; care; experimental; related
