study_id,direction_code,direction_label,coder_note
S001,F,favours intervention,
S002,F,favours intervention,
S003,F,favours intervention,
S004,R,burnout result not stated in abstract,
S005,R,burnout result not stated in abstract,
S006,F,favours intervention,
S007,N,no between-group difference,
S008,N,no between-group difference,
S009,F,favours intervention,
S010,N,no between-group difference,
S011,F,favours intervention,
S012,N,no between-group difference,
S013,M,"mixed (subscale, subgroup, arm or time point)",only the in-person arm improved emotional burnout
S014,F,favours intervention,
S015,M,"mixed (subscale, subgroup, arm or time point)",burnout reduction described as limited
S016,N,no between-group difference,
S017,M,"mixed (subscale, subgroup, arm or time point)",exhaustion fell mainly in the combined arm
S018,R,burnout result not stated in abstract,
S019,N,no between-group difference,
S020,F,favours intervention,
S021,F,favours intervention,
S022,N,no between-group difference,
S023,R,burnout result not stated in abstract,
S024,R,burnout result not stated in abstract,
S025,F,favours intervention,
S026,F,favours intervention,
S027,F,favours intervention,
S028,N,no between-group difference,
S029,N,no between-group difference,
S030,F,favours intervention,
S031,F,favours intervention,
S032,F,favours intervention,
S033,M,"mixed (subscale, subgroup, arm or time point)",one of three burnout measures favoured the low-fidelity arm
S034,B,"all arms improved, no between-arm difference",both conditions improved; no difference by condition
S035,M,"mixed (subscale, subgroup, arm or time point)",no difference vs active control; reduced vs passive control
S036,N,no between-group difference,
S037,F,favours intervention,
S038,M,"mixed (subscale, subgroup, arm or time point)",depersonalisation only
S039,F,favours intervention,
S040,F,favours intervention,
S041,F,favours intervention,
S042,R,burnout result not stated in abstract,
S043,F,favours intervention,
S044,F,favours intervention,
S045,F,favours intervention,
S046,F,favours intervention,
S047,F,favours intervention,
S048,F,favours intervention,
S049,M,"mixed (subscale, subgroup, arm or time point)",both arms reduced burnout; one subscale favoured personalised yoga
S050,B,"all arms improved, no between-arm difference",ACT and CBT arms both improved; no between-arm difference
S051,M,"mixed (subscale, subgroup, arm or time point)","emotional exhaustion, comparison of delivery cohorts"
S052,M,"mixed (subscale, subgroup, arm or time point)",emotional exhaustion decreased
S053,F,favours intervention,
S054,N,no between-group difference,
S055,N,no between-group difference,burnout not improved
S056,F,favours intervention,
S057,M,"mixed (subscale, subgroup, arm or time point)",emotional exhaustion in a stressed subgroup
S058,M,"mixed (subscale, subgroup, arm or time point)",gratitude effect on some burnout dimensions only
S059,N,no between-group difference,
S060,F,favours intervention,
S061,M,"mixed (subscale, subgroup, arm or time point)",emotional exhaustion only
S062,F,favours intervention,
S063,F,favours intervention,
S064,F,favours intervention,
S065,R,burnout result not stated in abstract,
S066,F,favours intervention,
S067,R,burnout result not stated in abstract,
S068,N,no between-group difference,
S069,U,unfavourable to intervention,depersonalisation decreased more in the control arm
S070,F,favours intervention,pre-post description in the abstract
S071,N,no between-group difference,
S072,F,favours intervention,
S073,M,"mixed (subscale, subgroup, arm or time point)",online laughter-yoga arm only
S074,F,favours intervention,
S075,N,no between-group difference,
S076,F,favours intervention,
S077,M,"mixed (subscale, subgroup, arm or time point)",time-point specific effect
S078,R,burnout result not stated in abstract,
S079,F,favours intervention,
S080,F,favours intervention,
S082,R,burnout result not stated in abstract,
S083,F,favours intervention,
S084,F,favours intervention,
S085,F,favours intervention,
S086,R,burnout result not stated in abstract,
S088,M,"mixed (subscale, subgroup, arm or time point)",interpersonal disengagement dimension
S089,F,favours intervention,
S090,F,favours intervention,
S091,F,favours intervention,
S092,N,no between-group difference,
S094,F,favours intervention,
S095,F,favours intervention,
S096,U,unfavourable to intervention,emotional exhaustion increased vs control in the course-only arm
S097,N,no between-group difference,
S098,F,favours intervention,
S099,F,favours intervention,
S101,F,favours intervention,
S102,F,favours intervention,
S103,N,no between-group difference,
S104,M,"mixed (subscale, subgroup, arm or time point)",unadjusted prevalence not different; adjusted analysis favoured intervention
S106,R,burnout result not stated in abstract,
S107,F,favours intervention,
S108,B,"all arms improved, no between-arm difference",both tools reduced burnout; no meaningful difference between tools
S109,M,"mixed (subscale, subgroup, arm or time point)",pilot with descriptive within-arm results only
S110,F,favours intervention,
S111,F,favours intervention,
S112,F,favours intervention,
S113,F,favours intervention,
S114,M,"mixed (subscale, subgroup, arm or time point)",small-group arm decreased burnout; one-on-one arm not significant
S116,N,no between-group difference,
S117,F,favours intervention,
S118,R,burnout result not stated in abstract,
S119,R,burnout result not stated in abstract,
