study_id,doi,title,year,pmcid,open_access,note
S001,10.1080/20008066.2023.2299195,Feasibility and acceptability of a culturally adapted psychological first aid training intervention (Preparing,2024,PMC10812857,yes,
S002,10.1111/wvn.70171,Effects of Digital Mental Health Screening Alone and With the Online MINDBODYSTRONG CBT-Based Program on Burno,2026,PMC13555182,yes,
S005,10.1371/journal.pone.0305172,"Feasibility, acceptability, and efficacy of a positive emotion regulation intervention to promote resilience f",2024,PMC11195972,yes,
S009,10.2196/59093,Effectiveness of an Internet-Based Acceptance and Commitment Therapy Intervention for Reducing Psychological D,2024,PMC11694045,yes,
S012,10.1037/ocp0000169,Improving employees' work-related well-being and physical health through a technology-based physical activity ,2020,,no,
S013,10.1097/jom.0000000000001285,Resilience Training for Work-Related Stress Among Health Care Workers: Results of a Randomized Clinical Trial ,2018,,no,
S015,10.1111/aphw.70169,Harness your best self! Testing the feasibility and efficacy of a novel strengths-based internet intervention ,2026,,no,
S020,10.1016/j.explore.2020.11.012,"The effect of Emotional Freedom Techniques on nurses' stress, anxiety, and burnout levels during the COVID-19 ",2021,PMC7834511,yes,
S021,10.1037/tra0001524,Efficacy of a brief psychological intervention to reduce distress in healthcare workers during the COVID-19 pa,2023,,no,
S023,10.1155/2022/9001828,The Effect of Inner Engineering Online (IEO) Program on Reducing Stress for Information Technology Professiona,2022,PMC8752233,yes,
S024,10.2196/80287,Effectiveness of Mobile-Delivered Exercise and Yoga Programs on Depressive Symptom Reduction in Employees: Ran,2026,PMC13539178,yes,
S025,10.1037/ccp0000992,Randomized controlled trial of job crafting as a digital health intervention for occupational burnout in psych,2026,,no,
S029,10.2196/21445,Resource-Based Internet Intervention (Med-Stress) to Improve Well-Being Among Medical Professionals: Randomize,2021,PMC7834939,yes,
S032,10.1097/ncc.0000000000001441,A Randomized Controlled Feasibility Study to Evaluate the Online Delivery of Storytelling Through Music With O,2026,,no,
S033,10.1016/j.jsat.2009.01.002,A randomized trial comparing two models of web-based training in cognitive-behavioral therapy for substance ab,2009,PMC2771721,no,
S034,10.2460/javma.23.01.0037,"Self-paced acceptance and commitment training reduces burden transfer, stress, and burnout in veterinary healt",2023,,no,
S039,10.1136/oemed-2017-104458,Internet-based stress management for distressed managers: results from a randomised controlled trial.,2018,PMC5800342,yes,
S042,10.2196/45963,Selective Prevention of Depression in Workers Using a Smartphone App: Randomized Controlled Trial.,2023,PMC10485707,yes,
S045,10.1038/s41372-021-01100-y,"Randomized controlled trial of the ""WISER"" intervention to reduce healthcare worker burnout.",2021,PMC8440181,yes,
S046,10.3389/fpsyg.2022.1024451,Randomized controlled trial of emotion-focused training for helping professionals.,2022,PMC9815184,yes,
S048,10.1001/jamanetworkopen.2024.54435,Digital Meditation to Target Employee Stress: A Randomized Clinical Trial.,2025,PMC11733700,yes,
S050,10.1111/hsc.13074,A preliminary comparison of the efficacy of online Acceptance and Commitment Therapy (ACT) and Cognitive Behav,2020,,no,
S053,10.1093/bjsw/bcae011,Mindfulness-Based Social Work and Self-Care with Social Work Professionals: Replication and Expansion of a Ran,2024,,no,
S054,10.1016/j.burn.2016.06.002,"A randomized, controlled study of an online intervention to promote job satisfaction and well-being among phys",2016,,no,
S055,10.1080/23311908.2022.2060628,Positive expressive writing as a tool for alleviating burnout and enhancing wellbeing in teachers and other fu,2022,,no,
S057,10.1080/23311908.2025.2510737,Evaluating an online four-session loving-kindness and compassion meditation training on improving psychologica,2025,,no,
S061,,Improving Teacher Wellbeing: A Randomized Pilot Study of an Online Self-Guided Single Session Consultation Int,2024,,no,no DOI
S063,10.5271/sjweh.3449,Efficacy of an internet-based problem-solving training for teachers: results of a randomized controlled trial,2014,,no,
S064,10.1016/j.jbct.2026.100617,Comparing the effectiveness of two mobile cognitive behavioral interventions for employee burnout in a randomi,2026,,no,
S065,10.2196/51549,Effects and Mechanisms of a Web- and Mobile-Based Acceptance and Commitment Therapy Intervention for Anxiety a,2023,PMC10714267,yes,
S066,10.1007/s12144-023-04410-w,A randomised trial of Mindfulness-based Social Work and Self-Care with social workers,2023,PMC9959936,yes,
S068,10.1016/j.invent.2023.100681,Learning how to recover from stress: Results from an internet-based randomized controlled pilot trial,2023,PMC10643270,yes,
S070,10.1016/j.tate.2020.103251,The impact of an online stress intervention on burnout and teacher efficacy,2021,,no,
S071,10.2196/10821,Effect of an eHealth Intervention to Reduce Sickness Absence Frequency Among Employees With Frequent Sickness ,2018,PMC6231854,yes,
S074,10.1007/s11553-023-01062-3,Self-care for teachers-evaluation of the effects of a prevention and health-promoting intervention,2024,,no,
S075,10.1016/j.sel.2025.100113,Investigating a brief intervention to instill a self-compassionate perspective in teaching: A randomized field,2025,,no,
S076,10.1038/s41398-023-02578-0,Reducing intrusive memories after trauma via an imagery-competing task intervention in COVID-19 intensive care,2023,PMC10474101,yes,
S077,10.1016/j.genhosppsych.2023.06.005,Randomized trial of personalized psychological feedback from a longitudinal online survey and simultaneous eva,2023,PMC10250283,yes,
S078,10.1016/j.ajem.2020.04.058,Does a phone-based meditation application improve mental wellness in emergency medicine personnel?,2020,,no,
S079,10.1001/jamapsychiatry.2023.2706,"Effects of 12 Weeks of At-Home, Application-Based Exercise on Health Care Workers' Depressive Symptoms, Burnou",2023,,no,
S081,10.1001/jamanetworkopen.2024.10994,Digital Engagement Strategy and Health Care Worker Mental Health: A Randomized Clinical Trial,2024,PMC11127125,yes,
S082,10.2106/jbjs.oa.22.00114,"Mindfulness Applications: Can They Serve as a Stress, Anxiety, and Burnout Reduction Tool in Orthopaedic Surge",2023,PMC10368388,yes,
S083,10.13075/mp.5893.00220,The helpers' stress: Effectiveness of a web-based intervention for professionals working with trauma survivors,2016,,no,
S084,10.1001/jamanetworkopen.2024.34362,Well-Being Outcomes of Health Care Workers after a 5-Hour Continuing Education Intervention: The WELL-B Random,2024,PMC11413716,yes,
S085,10.1055/s-0043-114004,Burnout Prevention and Mobile Mindfulness: Evaluation of an App-Based Health Training Program for Employees,2018,,no,
S093,10.2196/11832,Effect of Serial Anthropometric Measurements and Motivational Text Messages on Weight Reduction Among Workers:,2019,PMC6505373,yes,
S094,10.1177/1062860619869833,The Use of Online Physician Training Can Improve Patient Experience and Physician Burnout.,2020,,no,
S095,10.1159/000080915,‘Interapy’ Burn-out: Prävention und Behandlung von Burn-out über das Internet,2004,,no,
S096,10.1080/10901027.2019.1638851,"Preschool teachers’ self-efficacy, burnout, and stress in online professional development: a mixed methods app",2019,,no,
S097,10.7202/1108430ar,Is it Too Optimistic to Assume Light Touch Interventions can Improve Educational Workers’ Wellbeing? Insights ,2023,,no,
S099,10.4092/jsre.20.1_9,Cellphone text messages that disclose secondary emotions reduce burnout in emotional laborers,2012,,no,
S100,10.2196/preprints.101459,"Wearable Biosensor Monitoring, Machine Learning–Based Burnout Risk Prediction, and Just-in-Time Adaptive Inter",2026,,no,
S101,10.2460/javma.22.05.0196,"An acceptance and commitment training program reduces burden transfer, stress, and burnout among veterinary he",2022,,no,
S104,10.1001/jamanetworkopen.2025.27275,Smartwatch Use and Physician Well-Being A Randomized Clinical Trial,2025,PMC12362228,yes,
S105,10.1002/pon.1217,Increasing oncologists' skills in eliciting and responding to emotional cues: Evaluation of a communication sk,2008,,no,
