study_id,doi,instrument_code,instrument_detail,scale_details,evidence_location,full_text_status,independent_check
S001,10.1080/20008066.2023.2299195,ProQOL,"Professional Quality of Life Scale (ProQOL), burnout subscale","ProQOL has compassion satisfaction, burnout, and secondary traumatic stress subscales; the article reports burnout subscale totals (10–50 range).","Full-text XML, Measures; ProQOL results table",Full text available,confirmed by keyword and context search of the full text
S002,10.1111/wvn.70171,Single-item,Single-item valid burnout question,"A single validated burnout item; response range 1 (no symptoms) to 5 (completely burned out); cited validation AUC=.93 (Dolan et al., 2015).","Full-text XML, Table 1 (outcome measures); validation cited to Dolan et al. 2015",Full text available (Europe PMC XML),confirmed after reading the passage
S005,10.1371/journal.pone.0305172,OLBI,Oldenburg Burnout Inventory (OLBI),"16 items; exhaustion and disengagement; 4-point responses; total 16–64, continuous scoring.","Full-text XML, Measures",Full text available,confirmed by keyword and context search of the full text
S009,10.2196/59093,MBI,"Maslach Burnout Inventory–General Survey (MBI-GS), Chinese version","15 items; exhaustion (5), cynicism (4), reduced personal accomplishment (6); 0–6 frequency; weighted composite reported.","Full-text XML, Secondary Outcome Measure",Full text available,confirmed by keyword and context search of the full text
S012,10.1037/ocp0000169,SMBQ,"Shirom–Melamed Burnout Measure (SMBM), German version","14 items across Physical Fatigue, Cognitive Weariness, and Emotional Exhaustion; frequency over the prior 3 weeks; 7-point response from never/almost never to always/almost always; global burnout score aggregates the three subscales.","PDF p. 5, Materials and Method > Burnout; reliability analysis and CFA p. 6",Full text available (user-provided PDF),confirmed by keyword and context search of the full text
S013,10.1097/jom.0000000000001285,MBI,MBI-Human Services Survey (MBI-HSS),"22 items; EE 9, depersonalization 5, personal accomplishment 8; 0–6 frequency; baseline alpha .91/.73/.68.",PDF p.11,Full text available,confirmed by keyword and context search of the full text
S015,10.1111/aphw.70169,BAT,Burnout Assessment Tool (BAT),"12 items; exhaustion, emotional impairment, cognitive impairment, mental distance; 1–5 frequency.",PDF p.14,Full text available,confirmed after reading the passage
S020,10.1016/j.explore.2020.11.012,Turkish Burnout Scale,Turkish-adapted Burnout Scale (Çapri adaptation),"21 items; 7-point frequency; items 3, 6, 19, 20 reverse-scored.","Full-text XML, Measures",Full text available,confirmed by keyword and context search of the full text
S021,10.1037/tra0001524,MBI,Two-item version of the Maslach Burnout Inventory–Health Services Survey (MBI-HSS),"Validated two-item version; higher scores indicate more severe burnout. The paper cites West et al. (2009, 2012). The inspected passage does not specify response anchors or item wording.","PDF p. 4, Outcomes",Full text available (user-provided PDF),confirmed by keyword and context search of the full text
S023,10.1155/2022/9001828,MBI,Maslach Burnout Inventory–General Survey (MBI-GS),"16 items; exhaustion, cynicism, professional efficacy.","Full-text XML, Measures",Full text available,confirmed by keyword and context search of the full text
S024,10.2196/80287,MBI,"Maslach Burnout Inventory–General Survey (MBI-GS), Korean adaptation","Three domains: exhaustion, cynicism, professional efficacy; 0–6 response scale.","Full-text XML, Measures",Full text available,confirmed by keyword and context search of the full text
S025,10.1037/ccp0000992,OLBI,Oldenburg Burnout Inventory (OLBI),"16 items; exhaustion and disengagement; 4-point agreement; subscale scores 8–32, total 16–64; sample alpha .72/.81/.85.",PDF p.6,Full text available,confirmed by keyword and context search of the full text
S029,10.2196/21445,OLBI,Oldenburg Burnout Inventory (OLBI),"16 items; 1–4 agreement; reported reliability α=.87, .89, .91 at T1–T3.","Full-text XML, Job Burnout measure",Full text available,confirmed after reading the passage
S032,10.1097/ncc.0000000000001441,ProQOL,Professional Quality of Life Scale (ProQOL; burnout subscale),"ProQOL assesses burnout, secondary traumatic stress, and compassion satisfaction. Study reliability: burnout α=.86, secondary traumatic stress α=.77, compassion satisfaction α=.87. The article cites the scale; version/item count not explicit in inspected measure passage.","PDF pp. 3–4, Measures; reliability values p. 4",Full text available (user-provided PDF),confirmed after reading the passage
S033,10.1016/j.jsat.2009.01.002,MBI,Maslach Burnout Inventory–Human Services Survey (MBI-HSS),"22 statements; 0–6 frequency; emotional exhaustion, depersonalization, personal accomplishment.","BioC JSON, METHODS section",Full text available,confirmed by keyword and context search of the full text
S034,10.2460/javma.23.01.0037,CBI,Copenhagen Burnout Inventory (CBI),Work- and client-related burnout assessed; CBI also distinguishes personal burnout. α=.85–.87 reported.,PDF p.3,Full text available,confirmed by keyword and context search of the full text
S039,10.1136/oemed-2017-104458,SMBQ,Shirom–Melamed Burnout Questionnaire (SMBQ),"22 items; 1–7; physical fatigue, cognitive weariness, tension, listlessness.","Full-text XML, Secondary outcome measures",Full text available,confirmed by keyword and context search of the full text
S042,10.2196/45963,CBI,"Copenhagen Burnout Inventory (CBI), work-related subscale",Part 2/work-related burnout; employee population.,"Full-text XML, Measures",Full text available,confirmed by keyword and context search of the full text
S045,10.1038/s41372-021-01100-y,MBI,5-item derivative of MBI emotional-exhaustion scale,Short form of EE subscale; primary burnout outcome.,PDF p.2,Full text available,confirmed by keyword and context search of the full text
S046,10.3389/fpsyg.2022.1024451,OLBI,Oldenburg Burnout Inventory (OLBI),16 items; disengagement and exhaustion; 4-point response; higher mean indicates higher burnout.,PDF p.4,Full text available,confirmed by keyword and context search of the full text
S048,10.1001/jamanetworkopen.2024.54435,BBI,Bergen Burnout Inventory (BBI),Validated 9-item measure.,"Full-text XML, Methods",Full text available,confirmed by keyword and context search of the full text
S050,10.1111/hsc.13074,MBI,Maslach Burnout Inventory (MBI),"22 items; EE, depersonalisation, personal accomplishment; single 0–132 composite with PA reversed.",PDF p.5,Full text available,confirmed by keyword and context search of the full text
S053,10.1093/bjsw/bcae011,MBI,Maslach Burnout Inventory (MBI),"22 items; EE, depersonalisation, personal achievement; response scale 0–6.",PDF p.11,Full text available,confirmed by keyword and context search of the full text
S054,10.1016/j.burn.2016.06.002,MBI,Maslach Burnout Inventory (MBI),"High EE, high depersonalization and low PA classified by pre-established cutoffs; exact form not specified in accessible article text.","PDF p.3, table note",Full text available,confirmed by keyword and context search of the full text
S055,10.1080/23311908.2022.2060628,MBI,Maslach Burnout Inventory (MBI),"22 items, 7-point; EE 9, DP 5, PA 8; subscale sums; sample α=.92/.69/.84.",PDF p.4,Full text available,confirmed by keyword and context search of the full text
S057,10.1080/23311908.2025.2510737,MBI,Maslach Burnout Inventory (MBI),"22 items; emotional exhaustion, depersonalization, and personal accomplishment; 7-point frequency response from never to every day. Uses validated Chinese version; cited subscale internal consistency .80–.88.","PDF p. 7, Measures > Maslach Burnout Inventory; assessment schedule p. 6",Full text available (user-provided PDF),confirmed by keyword and context search of the full text
S061,,MBI,Maslach Burnout Inventory for Educators (MBI-ES),"22 items; EE 9, DP 5, PA 8; 0–6 frequency; interpreted as separate scales.","Dissertation pp.30, 78 and Appendix p.90",Full text available,confirmed by keyword and context search of the full text
S063,10.5271/sjweh.3449,MBI,Maslach Burnout Inventory for human-services workers (MBI-D),"21 items; EE 9, DP 5, PA 7; 7-point frequency; subscale-specific direction.",PDF p.5,Full text available,confirmed by keyword and context search of the full text
S064,10.1016/j.jbct.2026.100617,MBI,Maslach Burnout Inventory (MBI),"EE, depersonalization, reduced personal accomplishment; sample α=.75/.70/.71.",PDF p.4,Full text available,confirmed by keyword and context search of the full text
S065,10.2196/51549,MBI,Maslach Burnout Inventory–Human Services Survey for Medical Personnel (MBI-HSS MP),Used to assess burnout among nurses; extract does not expose scoring details.,"Full-text XML, Measures",Full text available,confirmed after reading the passage
S066,10.1007/s12144-023-04410-w,MBI,Maslach Burnout Inventory (MBI),"22 items; 0–6; EE, depersonalisation/loss of empathy, personal achievement.",PDF p.5,Full text available,confirmed by keyword and context search of the full text
S068,10.1016/j.invent.2023.100681,SMBQ,Shirom–Melamed Burnout Questionnaire (SMBQ),"Used as screening/exclusion criterion (SMBQ >5); covers physical fatigue, cognitive weariness, tension, listlessness.",PDF p.3 flowchart; p.5 Measures,Full text available,confirmed by keyword and context search of the full text
S070,10.1016/j.tate.2020.103251,NR,Not determined from available copy,The acquired PDF has article text only at the beginning; subsequent pages are placeholder/filler and the methods section needed to identify the burnout measure is absent. Do not infer the measure.,Local PDF content audit; methods/full-text pages unavailable,Local PDF incomplete/corrupted; methods unavailable,unresolved: full text incomplete (methods missing)
S071,10.2196/10821,UBOS,"Utrecht Burnout Scale (UBOS), 9-item version",Emotional exhaustion and cynicism; 7-point frequency 0–6.,"Full-text XML, Measures",Full text available,confirmed by keyword and context search of the full text
S074,10.1007/s11553-023-01062-3,CBI,"Copenhagen Burnout Inventory (CBI), Personal Burnout subscale",6 items; α=.87; five response categories; emotional exhaustion construct.,"PDF p.6, Table 2",Full text available,confirmed after reading the passage
S075,10.1016/j.sel.2025.100113,MBI,Maslach Burnout Inventory for Educators (MBI-ES),"22 items covering emotional exhaustion, depersonalization, and personal accomplishment (reported as lack of personal accomplishment in article); study reports subscale alphas .93, .78, and .82. Note: article response-scale wording should be checked against cited instrument manual before reproducing anchors.","PDF p. 6, Methods/measures and supplement reference",Full text available (user-provided PDF),confirmed by keyword and context search of the full text
S076,10.1038/s41398-023-02578-0,SWEBO,"Scale of Work Engagement and Burnout (SWEBO), work-burnout scale","Study reports Work Burnout (SWEBO) as a secondary outcome at baseline and week 4. The instrument is identified as SWEBO; this article’s inspected text/table does not report item count or response anchors. Original psychometric reference: Hultell & Gustavsson (2010), DOI 10.3233/WOR-2010-1078.","PDF p. 11, Table 3 (Work Burnout [SWEBO]); scale reference in article references",Full text available (Europe PMC XML/PDF),confirmed by keyword and context search of the full text
S077,10.1016/j.genhosppsych.2023.06.005,MBI,"MBI-HSS for Medical Personnel, emotional-exhaustion subscale",9 items; 0–6; score range 0–54.,"Full-text XML, Evaluation instrument",Full text available,confirmed by keyword and context search of the full text
S078,10.1016/j.ajem.2020.04.058,MBI,MBI-HSS for Medical Personnel,"EE, DP, PA; administered Day 0, Day 90, Day 180.",PDF p.1,Full text available,confirmed by keyword and context search of the full text
S079,10.1001/jamapsychiatry.2023.2706,MBI,"Maslach Burnout Inventory (MBI), 16-item version","Cynicism, emotional exhaustion, professional efficacy; eMethods supplement contains scoring/reliability.",PDF webpage print p. (Methods: Main Outcomes and Measures),Full text available,confirmed by keyword and context search of the full text
S081,10.1001/jamanetworkopen.2024.10994,WBI,"Well-Being Index (WBI), 9-question assessment",WBI used to assess burnout; WHO-5 separately assesses well-being.,"Full-text XML, Methods",Full text available,confirmed by keyword and context search of the full text
S082,10.2106/jbjs.oa.22.00114,MBI,MBI–Medical Personnel,"EE, DP, PA; cutoffs EE>26, DP>13, PA<31; baseline and 2 months.","Full-text XML, Measures",Full text available,confirmed by keyword and context search of the full text
S083,10.13075/mp.5893.00220,OLBI,Oldenburg Burnout Inventory (OLBI),"16 items; exhaustion and disengagement; 5-point responses; α=.89 at T1/T2, .92 at T3.",PDF p.8,Full text available,confirmed after reading the passage
S084,10.1001/jamanetworkopen.2024.34362,MBI,5-item derivative of MBI emotional-exhaustion scale,Primary outcome was emotional exhaustion; 5-item derivative vs original 9-item scale.,"Full-text XML, Outcomes",Full text available,confirmed by keyword and context search of the full text
S085,10.1055/s-0043-114004,MBI,Five-item emotional-exhaustion subscale from the Maslach Burnout Inventory,"Uses five items from the corresponding MBI emotional-exhaustion scale, not the full MBI; sample Cronbach alpha=.90.","PDF p. 4, Measures",Full text available (user-provided PDF),confirmed by keyword and context search of the full text
S093,10.2196/11832,MBI,MBI-HSS emotional-exhaustion subscale; plus Single-Item Burnout measure,MBI-EE: 9 items; single-item burnout rated 0–10.,"Full-text XML, Measures",Full text available,confirmed by keyword and context search of the full text
S094,10.1177/1062860619869833,MBI,Maslach Burnout Inventory (MBI),Administered pre-participation and readministered after intervention; form/scoring details not fully specified.,"PDF pp.2, 5",Full text available,confirmed by keyword and context search of the full text
S095,10.1159/000080915,MBI,"Utrecht Burnout Scale, general version (UBOS-A; Dutch MBI)","15 items; exhaustion, cynicism, feelings of incompetence; pre/post/follow-up.",PDF p.5,Full text available,confirmed after reading the passage
S096,10.1080/10901027.2019.1638851,MBI,Maslach Burnout Inventory (MBI),"22 items; EE, depersonalization, personal accomplishment; paper text says 8, 5, and 8 items respectively (reported total item count is internally inconsistent).","PDF, Methods/Measures",Full text available,confirmed by keyword and context search of the full text
S097,10.7202/1108430ar,CBI,"Copenhagen Burnout Inventory (CBI), work subscale",7 items; response categories converted 0–100; mean work-burnout score ranges 0–100.,PDF p.11,Full text available,confirmed by keyword and context search of the full text
S099,10.4092/jsre.20.1_9,Japanese Burnout Scale,"Japanese Burnout Scale (Kubo, 1998)","17 items; personal accomplishment, depersonalization, and emotional exhaustion; 5 response categories from none to always. The study adapted the reference period from about six months to about one month and formed a total score with personal accomplishment reverse-coded.","PDF p. 4, Questionnaire composition > Burnout; scoring note p. 5",Full text available (local PDF),confirmed after reading the passage
S100,10.2196/preprints.101459,MBI,Maslach Burnout Inventory–General Survey (MBI-GS),16-item total score; primary endpoint week 16; document is marked as preprint under review.,"PDF pp.3, 6; preprint notice p.1",Full text available,confirmed by keyword and context search of the full text
S101,10.2460/javma.22.05.0196,CBI,Copenhagen Burnout Inventory (CBI),Study uses work-related (CBI-W) and client-related (CBI-C) scores; personal subscale not analyzed; α=.85–.87.,PDF p.3,Full text available,confirmed by keyword and context search of the full text
S104,10.1001/jamanetworkopen.2025.27275,MBI,"Maslach Burnout Inventory (MBI), EE and depersonalization subscales","EE range 0–54, DP range 0–30; high thresholds EE≥27 or DP≥10; overall burnout if either high.","BioC JSON, METHODS section",Full text available,confirmed by keyword and context search of the full text
S105,10.1002/pon.1217,MBI,Maslach Burnout Inventory (MBI),"EE, DP, PA assessed baseline and follow-up; higher EE/DP and lower PA indicate more burnout.",PDF p.3,Full text available,confirmed by keyword and context search of the full text
