record_id,source_db,title,doi,pmid,pub_year,journal,trial_group,is_extra_report_of_same_trial,decision
R001,Europe PMC,Feasibility and acceptability of a culturally adapted psychological first aid training intervention (Preparing Me) to support the mental health and well-being of front-line healthcare workers in China: a feasibility randomized controlled trial.,10.1080/20008066.2023.2299195,38269751,2024,European journal of psychotraumatology,,no,included
R002,Europe PMC,"Effects of Digital Mental Health Screening Alone and With the Online MINDBODYSTRONG CBT-Based Program on Burnout, Depression, Anxiety, Healthy Behaviors, and Suicidal Ideation in at-Risk Nurses at 3- and 6-Months Post-Intervention: An RCT.",10.1111/wvn.70171,42712158,2026,Worldviews on evidence-based nursing,,no,included
R003,Europe PMC,Efficacy of mHealth aided 12-week meditation and breath intervention on change in burnout and professional quality of life among health care providers of a tertiary care hospital in north India: a randomized waitlist-controlled trial.,10.3389/fpubh.2023.1258330,38026380,2023,Frontiers in public health,,no,included
R004,Europe PMC,Health Care Workers' Need for Headspace: Findings From a Multisite Definitive Randomized Controlled Trial of an Unguided Digital Mindfulness-Based Self-help App to Reduce Healthcare Worker Stress.,10.2196/31744,36006668,2022,JMIR mHealth and uHealth,,no,included
R005,Europe PMC,Virtual Reality (VR) Device with Integrated Biofeedback Sensors (ReViSide) to Cope with Emotional Burnout State Among Employees Experiencing Stress at Workplace: Problem Overview and Action Plan.,,39378496,2024,Psychiatria Danubina,,no,included
R006,Europe PMC,"Impact of App-Delivered Mindfulness Meditation on Functional Connectivity, Mental Health, and Sleep Disturbances Among Physician Assistant Students: Randomized, Wait-list Controlled Pilot Study.",10.2196/24208,34665153,2021,JMIR formative research,,no,included
R007,Europe PMC,Mobile Heart Rate Variability Biofeedback for Work-Related Stress in Employees and the Influence of Instruction Format (Digital or Live) on Training Outcome: A Non-Randomized Controlled Trial.,10.1007/s10484-024-09671-0,39485585,2025,Applied psychophysiology and biofeedback,,no,included
R008,Europe PMC,"Feasibility, acceptability, and efficacy of a positive emotion regulation intervention to promote resilience for healthcare workers during the COVID-19 pandemic: A randomized controlled trial.",10.1371/journal.pone.0305172,38913665,2024,PloS one,,no,included
R009,Europe PMC,Mindfulness-Based Intervention for the Reduction of Compassion Fatigue and Burnout in Nurse Caregivers of Institutionalized Older Persons with Dementia: A Randomized Controlled Trial.,10.3390/ijerph191811441,36141714,2022,International journal of environmental research and public health,,no,included
R010,Europe PMC,"Effect of Minimal Individual or Group Enhancement in an eHealth Program on Mental Health, Health Behavior, and Work Ability in Employees With Obesity: Randomized Controlled Trial.",10.2196/66518,40704713,2025,JMIR mental health,,no,included
R011,Europe PMC,"Feasibility, acceptability and preliminary efficacy of a mental health self-management app in clinicians working during the COVID-19 pandemic: A pilot randomised controlled trial.",10.1016/j.psychres.2023.115493,37778231,2023,Psychiatry research,,no,included
R012,Europe PMC,Alleviating staff stress in care homes for people with dementia: protocol for stepped-wedge cluster randomised trial to evaluate a web-based Mindfulness- Stress Reduction course.,10.1186/s12888-015-0703-7,26691663,2015,BMC psychiatry,,no,included
R013,Europe PMC,Effectiveness of an Internet-Based Acceptance and Commitment Therapy Intervention for Reducing Psychological Distress in Health Care Professionals: Randomized Controlled Trial.,10.2196/59093,39693127,2024,Journal of medical Internet research,,no,included
R014,Europe PMC,Hybrid Delivery of Mindfulness Meditation and Perceived Stress in Pediatric Resident Physicians: A Randomized Clinical Trial of In-Person and Digital Mindfulness Meditation.,10.1007/s10880-022-09896-3,35778655,2023,Journal of clinical psychology in medical settings,,no,included
R015,Europe PMC,Effectiveness of a mindfulness- and compassion-based online intervention for physician burnout: A randomized controlled trial with mediation and clinical outcome analyses.,10.1016/j.genhosppsych.2025.09.012,41066794,2025,General hospital psychiatry,,no,included
R016,Europe PMC,Effects of a combined nature-based and audio-based virtual mindfulness intervention on stress and wellbeing of COVID-19 healthcare workers: a randomized controlled trial.,10.7717/peerj.19109,40421373,2025,PeerJ,,no,included
R017,Europe PMC,Improving employees' work-related well-being and physical health through a technology-based physical activity intervention: A randomized intervention-control group study.,10.1037/ocp0000169,31478708,2020,Journal of occupational health psychology,,no,included
R018,Europe PMC,Resilience Training for Work-Related Stress Among Health Care Workers: Results of a Randomized Clinical Trial Comparing In-Person and Smartphone-Delivered Interventions.,10.1097/jom.0000000000001285,29370014,2018,Journal of occupational and environmental medicine,,no,included
R019,Europe PMC,The Development and Feasibility of a Novel Group Intervention to Support Helping Professionals in Metabolizing Suffering and Engaging Strengths: The CHRYSALIS Program.,10.1080/00207284.2024.2329565,38621114,2024,International journal of group psychotherapy,,no,included
R020,Europe PMC,Alleviating Nurse Burnout With an Artificial Intelligence-Selected Mobile Cognitive Behavioral Therapy-Based Intervention: Mixed Methods Randomized Controlled Trial.,10.2196/85986,42398032,2026,JMIR mHealth and uHealth,,no,included
R021,Europe PMC,Harness your best self! Testing the feasibility and efficacy of a novel strengths-based internet intervention for improving employee well-being-A two-trial approach.,10.1111/aphw.70169,42200693,2026,Applied psychology. Health and well-being,,no,included
R022,Europe PMC,Should Mindfulness for Health Care Workers Go Virtual? A Mindfulness-Based Intervention Using Virtual Reality and Heart Rate Variability in the Emergency Department.,10.1177/21650799221123258,36377263,2023,Workplace health & safety,,no,included
R023,Europe PMC,A Mobile Phone-Based Intervention to Reduce Mental Health Problems in Health Care Workers During the COVID-19 Pandemic (PsyCovidApp): Randomized Controlled Trial.,10.2196/27039,33909587,2021,JMIR mHealth and uHealth,,no,included
R024,Europe PMC,"A Randomized Waitlist-Controlled Trial of a Virtual Reality Intervention for Enhancing Professional Commitment, Resilience, and Coping in Long-Term Care Workers.",10.1177/21650799251388467,41369157,2026,Workplace health & safety,,no,included
R025,Europe PMC,A Web-Based Mindfulness Stress Management Program in a Corporate Call Center: A Randomized Clinical Trial to Evaluate the Added Benefit of Onsite Group Support.,10.1097/jom.0000000000000680,26949875,2016,Journal of occupational and environmental medicine,,no,included
R026,Europe PMC,Evaluation of a Positive Psychological Intervention to Reduce Work Stress among Rural Community Health Workers in India: Results from a Randomized Pilot Study.,10.1007/s10902-024-00852-6,39975944,2025,Journal of happiness studies,,no,included
R027,Europe PMC,Evaluation of an App-Delivered Psychological Flexibility Skill Training Intervention for Medical Student Burnout and Well-being: Randomized Controlled Trial.,10.2196/42566,36745486,2023,JMIR mental health,,no,included
R028,Europe PMC,A Four-Week Online Compassion and Gratitude Training Programme to Enhance Emotion Regulation: Implications for Stress Management and Healthcare Leadership.,10.3390/healthcare14010012,41516942,2025,"Healthcare (Basel, Switzerland)",,no,included
R029,Europe PMC,A group-focused rational emotive behavior coaching for management of academic burnout among undergraduate students: Implications for school administrators.,10.1097/md.0000000000016352,31348235,2019,Medicine,,no,included
R030,Europe PMC,Medical students: They're not just little doctors! Impact of an online group-coaching program on medical student well-being: A randomized clinical trial.,10.1371/journal.pone.0328546,40794712,2025,PloS one,,no,included
R031,Europe PMC,Resilience as a Mediator in a Web-Based Intervention (MINDxYOU) to Reduce Stress Among Health Care Professionals: Stepped-Wedge Cluster Randomized Trial.,10.2196/82905,41662682,2026,JMIR mental health,,no,included
R032,Europe PMC,Efficacy of a Web-Based Stress Management Intervention for Beginning Teachers on Reducing Stress and Mechanisms of Change: Randomized Controlled Trial.,10.2196/58475,40522725,2025,Journal of medical Internet research,,no,included
R033,Europe PMC,"Effectiveness of a chatbot in improving the mental wellbeing of health workers in Malawi during the COVID-19 pandemic: A randomized, controlled trial.",10.1371/journal.pone.0303370,38805444,2024,PloS one,,no,included
R034,Europe PMC,"The effect of Emotional Freedom Techniques on nurses' stress, anxiety, and burnout levels during the COVID-19 pandemic: A randomized controlled trial.",10.1016/j.explore.2020.11.012,33293201,2021,"Explore (New York, N.Y.)",,no,included
R035,Europe PMC,Predictors of dropout in cognitive behavior and interpersonal online brief psychotherapies for essential professionals during the COVID-19 pandemic.,10.1038/s41598-024-81327-9,39639086,2024,Scientific reports,,no,included
R036,Europe PMC,Efficacy of a brief psychological intervention to reduce distress in healthcare workers during the COVID-19 pandemic: A randomized controlled trial.,10.1037/tra0001524,38885428,2023,"Psychological trauma : theory, research, practice and policy",,no,included
R037,Europe PMC,Exploring the feasibility of a web-based positive psychology program among anaesthesiologists: an explanatory sequential mixed-methods pilot study.,10.1186/s12909-026-09459-2,42151903,2026,BMC medical education,,no,included
R038,Europe PMC,The Effect of Inner Engineering Online (IEO) Program on Reducing Stress for Information Technology Professionals: A Randomized Control Study.,10.1155/2022/9001828,35027938,2022,Evidence-based complementary and alternative medicine : eCAM,,no,included
R039,Europe PMC,Effectiveness of Mobile-Delivered Exercise and Yoga Programs on Depressive Symptom Reduction in Employees: Randomized Controlled Trial.,10.2196/80287,42687778,2026,JMIR human factors,,no,included
R040,Europe PMC,Optimizing the Work of Learning for Flourishing: A Randomized Pilot Study of a Digital CBT-Based Intervention in Medical Students.,10.1007/s40596-026-02308-w,41652149,2026,Academic psychiatry : the journal of the American Association of Directors of Psychiatric Residency Training and the Association for Academic Psychiatry,,no,included
R041,Europe PMC,Randomized controlled trial of job crafting as a digital health intervention for occupational burnout in psychological therapists.,10.1037/ccp0000992,42080863,2026,Journal of consulting and clinical psychology,,no,included
R042,Europe PMC,Work-Focused Versus Generic Internet-Based Interventions for Employees With Stress-Related Disorders: Randomized Controlled Trial.,10.2196/34446,37097739,2023,Journal of medical Internet research,,no,included
R043,Europe PMC,Developing Self-Compassion in Healthcare Professionals Utilising a Brief Online Intervention: A Randomised Waitlist Control Trial.,10.3390/ijerph21101346,39457319,2024,International journal of environmental research and public health,,no,included
R044,Europe PMC,Digital health interventions for occupational burnout in healthcare professionals: a multi-site randomised non-inferiority trial.,10.1016/j.brat.2025.104919,41240471,2025,Behaviour research and therapy,,no,included
R045,Europe PMC,Resource-Based Internet Intervention (Med-Stress) to Improve Well-Being Among Medical Professionals: Randomized Controlled Trial.,10.2196/21445,33427674,2021,Journal of medical Internet research,,no,included
R046,Europe PMC,Efficacy of a Workplace Intervention Program With Web-Based Online and Offline Modalities for Improving Workers' Mental Health.,10.3389/fpsyt.2022.888157,35711597,2022,Frontiers in psychiatry,,no,included
R047,Europe PMC,Effect of a Novel Online Group-Coaching Program to Reduce Burnout in Female Resident Physicians: A Randomized Clinical Trial.,10.1001/jamanetworkopen.2022.10752,35522281,2022,JAMA network open,,no,included
R048,Europe PMC,A Randomized Controlled Feasibility Study to Evaluate the Online Delivery of Storytelling Through Music With Oncology Nurses.,10.1097/ncc.0000000000001441,39701577,2026,Cancer nursing,,no,included
R049,Europe PMC,A randomized trial comparing two models of web-based training in cognitive-behavioral therapy for substance abuse counselors.,10.1016/j.jsat.2009.01.002,19339136,2009,Journal of substance abuse treatment,,no,included
R050,Europe PMC,A Brief Online Program Integrating Mindfulness and Stretching Exercises: Effects on Well-Being in Health Sciences Students.,10.1002/jclp.70034,40802831,2025,Journal of clinical psychology,,no,included
R051,Europe PMC,An online mindfulness-based intervention for undergraduate pharmacy students: Results of a mixed-methods feasibility study.,10.1016/j.cptl.2019.05.013,31570123,2019,Currents in pharmacy teaching & learning,,no,included
R052,Europe PMC,Risk of Secondary Traumatic Stress in Treating Traumatized Military Populations: Results from the PTSD Clinicians Exchange.,10.1093/milmed/usaa078,32588891,2020,Military medicine,,no,included
R053,Europe PMC,"Self-paced acceptance and commitment training reduces burden transfer, stress, and burnout in veterinary healthcare teams.",10.2460/javma.23.01.0037,36965475,2023,Journal of the American Veterinary Medical Association,,no,included
R054,Europe PMC,The effects of mindfulness meditation on burnout in clinical genetic counselors: A three-arm randomized controlled trial.,10.1002/jgc4.70241,42316983,2026,Journal of genetic counseling,,no,included
R055,Europe PMC,'Dear Doctor': a randomised controlled trial of a text message intervention to reduce burnout in trainee anaesthetists.,10.1111/anae.15643,35026055,2022,Anaesthesia,,no,included
R056,Europe PMC,The impact of need-based care on formal caregivers' wellbeing in nursing homes: A cluster randomized controlled trial.,10.1016/j.ijnurstu.2023.104654,38101268,2024,International journal of nursing studies,,no,included
R057,Europe PMC,Sudarshan Kriya Yoga Breathing and a Meditation Program for Burnout Among Physicians: A Randomized Clinical Trial.,10.1001/jamanetworkopen.2023.53978,38294813,2024,JAMA network open,,no,included
R058,Europe PMC,A Pilot Randomized Controlled Trial of a Single-Session Intervention to Reduce Training Psychologists' Burnout.,10.1016/j.beth.2024.06.004,39814510,2025,Behavior therapy,,no,included
R059,Europe PMC,The effect of active occupational stress management on psychosocial and physiological wellbeing: a pilot study.,10.1186/s12911-020-01347-z,33272279,2020,BMC medical informatics and decision making,,no,included
R060,Europe PMC,Investigating the impact of the RENEW program on enhancing nurses' resilience: a randomized controlled trial.,10.1186/s40359-026-03967-y,41612463,2026,BMC psychology,,no,included
R061,Europe PMC,Reducing nurses' stress: A randomized controlled trial of a web-based stress management program for nurses.,10.1016/j.apnr.2016.04.003,27969025,2016,Applied nursing research : ANR,,no,included
R062,Europe PMC,Impact of an Online Group-Coaching Program on Ambulatory Faculty Physician Well-Being: A Randomized Trial.,10.3122/jabfm.2024.240022r1,39725465,2025,Journal of the American Board of Family Medicine : JABFM,,no,included
R063,Europe PMC,Nurse leader well-being: Optimizing sleep with a randomized pilot study of a digital sleep intervention.,10.1097/nmg.0000000000000351,41746772,2026,Nursing management,,no,included
R064,Europe PMC,Impact of alternative terminology for depression on help-seeking intention: A randomized online trial.,10.1002/jclp.23410,35802773,2023,Journal of clinical psychology,,no,included
R065,Europe PMC,A randomized controlled trial investigating digital resilience training for healthcare professionals.,10.1038/s41598-025-28028-z,41444278,2025,Scientific reports,,no,included
R066,Europe PMC,Internet-based stress management for distressed managers: results from a randomised controlled trial.,10.1136/oemed-2017-104458,28855344,2018,Occupational and environmental medicine,,no,included
R067,Europe PMC,A Smartphone App to Reduce Burnout in the Emergency Department: A Pilot Randomized Controlled Trial.,10.1177/21650799221123261,36373628,2023,Workplace health & safety,,no,included
R068,Europe PMC,Online Well-Being Group Coaching Program for Women Physician Trainees: A Randomized Clinical Trial.,10.1001/jamanetworkopen.2023.35541,37792378,2023,JAMA network open,,no,included
R069,Europe PMC,Selective Prevention of Depression in Workers Using a Smartphone App: Randomized Controlled Trial.,10.2196/45963,37616040,2023,Journal of medical Internet research,,no,included
R070,Europe PMC,Effects of a Mindfulness-Based Intervention for Teachers: a Study on Teacher and Student Outcomes.,10.1007/s12671-021-01635-3,33903804,2021,Mindfulness,,no,included
R071,Europe PMC,Effects of mobile mindfulness on emergency department work stress: A randomised controlled trial.,10.1111/1742-6723.13836,34378320,2022,Emergency medicine Australasia : EMA,,no,included
R072,Europe PMC,Evidence-Based Resilience Intervention for Nursing Students: a Randomized Controlled Pilot Trial.,10.1007/s41042-020-00034-8,38624299,2020,International journal of applied positive psychology,,no,included
R073,Europe PMC,Resilience Among Healthcare Staff: A Randomized Controlled Trial of a Digital Training Program.,10.1007/s10880-025-10085-1,40544401,2025,Journal of clinical psychology in medical settings,,no,included
R074,Europe PMC,AI-Assisted Tailored Intervention for Nurse Burnout: A Three-Group Randomized Controlled Trial.,10.1111/wvn.70003,39981583,2025,Worldviews on evidence-based nursing,,no,included
R075,Europe PMC,Brief mindfulness coaching enhances selective attention in medical scientists: A pilot study.,10.1371/journal.pone.0330290,40938915,2025,PloS one,,no,included
R076,Europe PMC,"Randomized controlled trial of the ""WISER"" intervention to reduce healthcare worker burnout.",10.1038/s41372-021-01100-y,34366432,2021,Journal of perinatology : official journal of the California Perinatal Association,WISER,yes,included
R077,Europe PMC,Effects of mindfulness-based stress reduction on ICU nurses' resilience and well-being.,10.1016/j.iccn.2025.104258,41285085,2026,Intensive & critical care nursing,,no,included
R078,Europe PMC,A tailored online mindfulness intervention for junior doctors: a mixed-methods study,10.21203/rs.3.rs-8126060/v1,,2025,,,no,included
R079,Europe PMC,Randomized controlled trial of emotion-focused training for helping professionals.,10.3389/fpsyg.2022.1024451,36619043,2022,Frontiers in psychology,,no,included
R080,Europe PMC,"""WISER"" intervention to reduce healthcare worker burnout - 1 year follow up.",10.1038/s41372-024-01993-5,38734802,2024,Journal of perinatology : official journal of the California Perinatal Association,WISER,yes,included
R081,Europe PMC,Intervention for job burnout reduction among a sample of Nigerian lecturers.,10.1097/md.0000000000033425,37058029,2023,Medicine,,no,included
R082,Europe PMC,Digital Meditation to Target Employee Stress: A Randomized Clinical Trial.,10.1001/jamanetworkopen.2024.54435,39808431,2025,JAMA network open,,no,included
R083,Europe PMC,Personalised yoga for burnout and traumatic stress in junior doctors.,10.1136/postgradmedj-2019-137413,32300055,2020,Postgraduate medical journal,,no,included
R084,Europe PMC,"[Mindfulness for medical, surgical and psychiatric residents].",,30896030,2019,Tijdschrift voor psychiatrie,,no,included
R085,OpenAlex,A preliminary comparison of the efficacy of online Acceptance and Commitment Therapy (ACT) and Cognitive Behavioural Therapy (CBT) stress management interventions for social and healthcare workers,10.1111/hsc.13074,,2020,Health & Social Care in the Community,,no,included
R086,OpenAlex,A Mindfulness-Based Cognitive Therapy (MBCT) Intervention to Improve Resilience and Mitigate Symptoms of Burnout Syndrome in Critical Care Nurses: Results of a Randomized Trial,10.4236/ojn.2021.118055,,2021,Open Journal of Nursing,,no,included
R087,OpenAlex,"The Effectiveness of an Online Positive Psychology Intervention among Healthcare Professionals with Depression, Anxiety or Stress Symptoms and Burnout",10.4236/psych.2021.123025,,2021,Psychology,,no,included
R088,OpenAlex,Coaching for workers with chronic illness: Evaluating an intervention.,10.1037/a0036601,,2014,Journal of Occupational Health Psychology,,no,included
R089,OpenAlex,Mindfulness-Based Social Work and Self-Care with Social Work Professionals: Replication and Expansion of a Randomised Controlled Trial,10.1093/bjsw/bcae011,,2024,The British Journal of Social Work,,no,included
R090,OpenAlex,"A randomized, controlled study of an online intervention to promote job satisfaction and well-being among physicians",10.1016/j.burn.2016.06.002,,2016,Burnout Research,,no,included
R091,OpenAlex,P02.63. Efficacy of an 8-week online mindfulness stress management program in a corporate call center,10.1186/1472-6882-12-s1-p119,,2012,BMC Complementary and Alternative Medicine,,no,included
R092,OpenAlex,"An Online Intervention Increases Empathy, Resilience, and Work Engagement Among Physical Therapy Students.",,,2018,PubMed,,no,included
R093,OpenAlex,Head start staff well-being: early impact results from a cluster randomized controlled trial (RCT) of the Happy Teacher Wellness Intervention,10.1016/j.ecresq.2026.01.001,,2026,Early Childhood Research Quarterly,,no,included
R094,OpenAlex,Better Together: A Novel Online Physician Group Coaching Program to Reduce Burnout in Trainees: A Longitudinal Analysis,10.1097/acm.0000000000005412,,2023,Academic Medicine,,no,included
R095,OpenAlex,Satisfying students' psychological needs in the classroom: Benefits of an online intervention to help primary school teachers during a pandemic academic year,10.1016/j.tate.2023.104281,,2023,Teaching and Teacher Education,,no,included
R096,OpenAlex,Positive expressive writing as a tool for alleviating burnout and enhancing wellbeing in teachers and other full-time workers,10.1080/23311908.2022.2060628,,2022,Cogent Psychology,,no,included
R097,OpenAlex,Effects of online content-focused coaching on reducing the risk of professional burnout among elementary school teachers: The example of educational leadership in the United Arab Emirates,10.1080/00221309.2025.2587892,,2025,The Journal of General Psychology,,no,included
R098,OpenAlex,Evaluation of the Online Sport-Specific Mindfulemotions Program in a Population of Scandinavian Elite Athletes Measuring Psychological Parameters,10.7146/sjsep.v5i.133568,,2023,Scandinavian Journal of Sport and Exercise Psychology,,no,included
R099,OpenAlex,Evaluating an online four-session loving-kindness and compassion meditation training on improving psychological well-being among healthcare professionals in Hong Kong: a pilot randomised controlled study,10.1080/23311908.2025.2510737,,2025,Cogent Psychology,,no,included
R100,OpenAlex,Mindfulness for Midwives: Supporting Health and Well‐Being for Our Clients and Ourselves,10.1111/jmwh.13572,,2023,Journal of Midwifery & Women s Health,,no,included
R101,OpenAlex,The effect of a gratitude program on job stress & burnout in Esfahan prehospital technicians,,,2020,DOAJ (DOAJ: Directory of Open Access Journals),,no,included
R102,OpenAlex,"A Randomized Controlled Trial of a Guided and Individualized, Web-Based, Stress Management Program for Stressed Managers",,,2014,,,no,included
R103,OpenAlex,Evaluating a Digital Mindful Self-Compassion Intervention to Reduce Compassion Fatigue in Violence Service Workers: A Pilot Randomised Controlled Trial,10.24036/02025142127-0-86,,2025,Konselor,,no,included
R104,OpenAlex,"Effect of a Brief Intervention Program on Burnout among Medical Students at Faculty of Medicine in Suez Canal University, Egypt",10.21608/scumj.2022.260723,,2022,Suez Canal University Medical Journal,,no,included
R105,OpenAlex,A Randomized Controlled Trial of a Longitudinal Mindfulness Intervention to Decrease Burnout in Medical Residents,10.7936/0qmc-wh58,,2019,Open Scholarship Institutional Repository (Washington University in St. Louis),,no,included
R106,OpenAlex,Online Mindfulness Training and Work-related Outcomes: A Randomized Waitlist Controlled Trial,10.17605/osf.io/se6vn,,2026,ScholarsArchive  (Brigham Young University),,no,included
R107,OpenAlex,Efficacy of an Online Mindfulness Training to Improve Well-Being in K-12 Teachers: A Randomized Waitlist Controlled Trial,,,2024,ScholarsArchive  (Brigham Young University),,no,included
R108,OpenAlex,Mental and physical training with meditation and aerobic exercise improved mental health and well-being in teachers during the COVID-19 pandemic,10.3389/fnhum.2022.847301,,2022,Frontiers in Human Neuroscience,,no,included
R109,OpenAlex,AIZEN Digital Meditation Intervention for Caregiver Burnout in Taiwan—A Pilot Randomized Trial,10.1007/s12671-026-02854-2,,2026,Mindfulness,,no,included
R110,OpenAlex,BiWell: Bicocca + Workplace Well-being. An effectiveness analysis of a smartphone app for managing stress and promoting well-being at work,10.17605/osf.io/vxj95,,2025,,,no,included
R111,OpenAlex,Edu:Social School Study: Promoting well-being and socio-emotional competencies for school teachers with App-based Mindfulness and Dyad-based empathy-compassion trainings.,,,2026,OSF Preprints (OSF Preprints),,no,included
R112,OpenAlex,Promoting Mental Health in Small Business Leaders: A Randomized Controlled Study in France,10.17605/osf.io/n4xw9,,2025,,,no,included
R113,OpenAlex,Beyond Nature Videos: Evaluating BioMusic Breaks for Burnt-Out Nonprofit Workers as a Workplace Restoration Intervention,10.17605/osf.io/27k3h,,2026,,,no,included
R114,ERIC,Improving Teacher Wellbeing: A Randomized Pilot Study of an Online Self-Guided Single Session Consultation Intervention,,,2024,"ERIC document (ProQuest dissertation, ED658593)",,no,included
R115,Web of Science,Healing the healers: A pilot randomised controlled trial to assess the effectiveness of a novel web-based compassion training for nurses,10.1016/j.aimed.2026.100651,,2026,,,no,included
R116,Web of Science,Efficacy of an internet-based problem-solving training for teachers: results of a randomized controlled trial,10.5271/sjweh.3449,,2014,,,no,included
R117,Web of Science,Comparing the effectiveness of two mobile cognitive behavioral interventions for employee burnout in a randomized controlled Trial: PsyPills™ (REBT) versus ACT Companion™ (ACT),10.1016/j.jbct.2026.100617,,2026,,,no,included
R118,Web of Science,Effects and Mechanisms of a Web- and Mobile-Based Acceptance and Commitment Therapy Intervention for Anxiety and Depression Symptoms in Nurses: Fully Decentralized Randomized Controlled Trial,10.2196/51549,,2023,,,no,included
R119,Web of Science,Design and Implementation of a Brief Digital Mindfulness and Compassion Training App for Health Care Professionals: Cluster Randomized Controlled Trial,10.2196/49467,,2024,,,no,included
R120,Web of Science,A randomised trial of Mindfulness-based Social Work and Self-Care with social workers,10.1007/s12144-023-04410-w,,2023,,,no,included
R121,Web of Science,Effectiveness of the mobile application Holidaily in reducing work-related rumination when returning to work after vacation: a randomized controlled trial,10.3389/fdgth.2026.1698339,,2026,,,no,included
R122,Web of Science,Happier Healers: Randomized Controlled Trial of Mobile Mindfulness for Stress Management,10.1089/acm.2015.0301,,2018,,,no,included
R123,Web of Science,"Evaluating the effects of a mindfulness mobile application on student pharmacists' stress, burnout, and mindfulness",10.1093/ajhp/zxab467,,2022,,,no,included
R124,Web of Science,Learning how to recover from stress: Results from an internet-based randomized controlled pilot trial,10.1016/j.invent.2023.100681,,2023,,,no,included
R125,Web of Science,Mobile Mindfulness for Psychological Distress and Burnout among Frontline COVID-19 Nurses A Pilot Randomized Trial,10.1513/AnnalsATS.202301-025OC,,2023,,,no,included
R126,Web of Science,The impact of an online stress intervention on burnout and teacher efficacy,10.1016/j.tate.2020.103251,,2021,,,no,included
R127,Web of Science,Effect of an eHealth Intervention to Reduce Sickness Absence Frequency Among Employees With Frequent Sickness Absence: Randomized Controlled Trial,10.2196/10821,,2018,,,no,included
R128,Web of Science,Pilot study of an online brief mindfulness-based intervention to improve the well-being of managers and reduce their stress at work,10.1080/10803548.2024.2358676,,2024,,,no,included
R129,Web of Science,The effects of online support program for nurses with COVID-19 patients on the professional quality of life and psychological empowerment perception: a randomized controlled trial,10.14744/phd.2022.24445,,2023,,,no,included
R130,Web of Science,Online vs. face-to-face laughter yoga to support nurses' well-being: A pilot randomized trial,10.1177/10519815261472875,,2026,,,no,included
R131,Web of Science,Self-care for teachers-evaluation of the effects of a prevention and health-promoting intervention,10.1007/s11553-023-01062-3,,2024,,,no,included
R132,Web of Science,The Impact of Loving-Kindness Meditation on Compassion Fatigue of Nurses Working in the Neonatal Intensive Care Unit A Randomized Clinical Trial Study,10.1097/HNP.0000000000000590,,2023,,,no,included
R133,Scopus,Investigating a brief intervention to instill a self-compassionate perspective in teaching: A randomized field experiment with first-year classroom teachers,10.1016/j.sel.2025.100113,,2025,Social and Emotional Learning Research Practice and Policy,,no,included
R134,Scopus,Reducing intrusive memories after trauma via an imagery-competing task intervention in COVID-19 intensive care staff: a randomised controlled trial,10.1038/s41398-023-02578-0,,2023,Translational Psychiatry,,no,included
R135,Scopus,Randomized trial of personalized psychological feedback from a longitudinal online survey and simultaneous evaluation of randomized stepped wedge availability of in-person peer support for hospital staff during the COVID-19 pandemic,10.1016/j.genhosppsych.2023.06.005,,2023,General Hospital Psychiatry,,no,included
R136,Scopus,Effectiveness of a bite-sized web-based intervention to improve healthcare worker wellbeing: A randomized clinical trial of WISER,10.3389/fpubh.2022.1016407,,2022,Frontiers in Public Health,WISER,yes,included
R137,Scopus,Does a phone-based meditation application improve mental wellness in emergency medicine personnel?,10.1016/j.ajem.2020.04.058,,2020,American Journal of Emergency Medicine,,no,included
R138,Scopus,"Effects of 12 Weeks of At-Home, Application-Based Exercise on Health Care Workers' Depressive Symptoms, Burnout, and Absenteeism: A Randomized Clinical Trial",10.1001/jamapsychiatry.2023.2706,,2023,JAMA Psychiatry,,no,included
R139,Scopus,Mindful self-compassion training reduces stress and burnout symptoms among practicing psychologists: A randomized controlled trial of a brief web-based intervention,10.3389/fpsyg.2018.02340,,2018,Frontiers in Psychology,,no,included
R140,Scopus,Digital Engagement Strategy and Health Care Worker Mental Health: A Randomized Clinical Trial,10.1001/jamanetworkopen.2024.10994,,2024,JAMA Network Open,,no,included
R141,Scopus,"Mindfulness Applications: Can They Serve as a Stress, Anxiety, and Burnout Reduction Tool in Orthopaedic Surgery Training? A Randomized Control Trial",10.2106/jbjs.oa.22.00114,,2023,JBJS Open Access,,no,included
R142,Scopus,The helpers' stress: Effectiveness of a web-based intervention for professionals working with trauma survivors in reducing job burnout and improving work engagement,10.13075/mp.5893.00220,,2016,Medycyna Pracy,,no,included
R143,Scopus,Well-Being Outcomes of Health Care Workers after a 5-Hour Continuing Education Intervention: The WELL-B Randomized Clinical Trial,10.1001/jamanetworkopen.2024.34362,,2024,JAMA Network Open,,no,included
R144,Scopus,Burnout Prevention and Mobile Mindfulness: Evaluation of an App-Based Health Training Program for Employees,10.1055/s-0043-114004,,2018,Gesundheitswesen,,no,included
R145,Scopus,"Effectiveness of a web-based self-help intervention for symptoms of depression, anxiety, and stress: randomized controlled trial",10.2196/jmir.954,18364344,2008,Journal of Medical Internet Research,,no,included
