study_id,title,occupation_before,occupation_after,occupation_rule,approach_before,approach_after,approach_rule
S007,"Effect of Minimal Individual or Group Enhancement in an eHealth Program on Mental Health, ",Employees in other sectors or mixed occupations,Workers selected for a health condition or risk,O1: obesity,Acceptance and commitment,Acceptance and commitment,
S012,Improving employees' work-related well-being and physical health through a technology-base,Employees in other sectors or mixed occupations,Workers selected for a health condition or risk,O1: employees at risk,Non-psychological mechanism,Non-psychological mechanism,
S015,Harness your best self! Testing the feasibility and efficacy of a novel strengths-based in,Employees in other sectors or mixed occupations,Mixed-occupation workers recruited across employers,O3: several employers and working students,Positive psychology,Positive psychology,
S017,A Web-Based Mindfulness Stress Management Program in a Corporate Call Center: A Randomized,Employees in other sectors or mixed occupations,"Employees of a named occupation, industry or enterprise",O2: corporate call centre,Mindfulness or meditation,Mindfulness or meditation,
S020,"The effect of Emotional Freedom Techniques on nurses' stress, anxiety, and burnout levels ",Nurses,Nurses,,Other psychological,Emotion regulation and emotion-focused,A2: emotional freedom techniques
S023,The Effect of Inner Engineering Online (IEO) Program on Reducing Stress for Information Te,Employees in other sectors or mixed occupations,"Employees of a named occupation, industry or enterprise",O2: information technology professionals,Mindfulness or meditation,Mindfulness or meditation,
S024,Effectiveness of Mobile-Delivered Exercise and Yoga Programs on Depressive Symptom Reducti,Employees in other sectors or mixed occupations,Mixed-occupation workers recruited across employers,O3: employees recruited at two hospitals,Non-psychological mechanism,Non-psychological mechanism,
S025,Randomized controlled trial of job crafting as a digital health intervention for occupatio,Mental-health and social-care professionals,Mental-health and social-care professionals,,Other psychological,Job crafting and work-role redesign,A3: job crafting webinars
S026,Work-Focused Versus Generic Internet-Based Interventions for Employees With Stress-Related,Employees in other sectors or mixed occupations,Workers selected for a health condition or risk,O1: stress-related disorders,Cognitive-behavioural or stress management,Cognitive-behavioural or stress management,
S029,Resource-Based Internet Intervention (Med-Stress) to Improve Well-Being Among Medical Prof,Other or mixed healthcare workers,Other or mixed healthcare workers,,Other psychological,Stress recovery and coping skills,A5: resource-based stress programme
S030,Efficacy of a Workplace Intervention Program With Web-Based Online and Offline Modalities ,Employees in other sectors or mixed occupations,Mixed-occupation workers recruited across employers,O3: several high-stress industries,Psychoeducation or resilience training,Psychoeducation or resilience training,
S032,A Randomized Controlled Feasibility Study to Evaluate the Online Delivery of Storytelling ,Nurses,Nurses,,Other psychological,Creative and experiential group formats,A4: storytelling through music
S034,"Self-paced acceptance and commitment training reduces burden transfer, stress, and burnout",Employees in other sectors or mixed occupations,"Employees of a named occupation, industry or enterprise",O2: veterinary healthcare teams,Acceptance and commitment,Acceptance and commitment,
S039,Internet-based stress management for distressed managers: results from a randomised contro,Employees in other sectors or mixed occupations,Workers selected for a health condition or risk,O1: distressed managers,Cognitive-behavioural or stress management,Cognitive-behavioural or stress management,
S042,Selective Prevention of Depression in Workers Using a Smartphone App: Randomized Controlle,Employees in other sectors or mixed occupations,Workers selected for a health condition or risk,O1: workers with elevated stress at risk of depression,Cognitive-behavioural or stress management,Cognitive-behavioural or stress management,
S044,AI-Assisted Tailored Intervention for Nurse Burnout: A Three-Group Randomized Controlled T,Nurses,Nurses,,Other psychological,"Tailored, combined or other multicomponent psychological",A1: content selected per participant by an AI model
S046,Randomized controlled trial of emotion-focused training for helping professionals.,Mental-health and social-care professionals,Mental-health and social-care professionals,,Other psychological,Emotion regulation and emotion-focused,A2: emotion-focused training
S054,"A randomized, controlled study of an online intervention to promote job satisfaction and w",Physicians and physician trainees,Physicians and physician trainees,,Other psychological,Stress recovery and coping skills,A5: weekly well-being micro-tasks
S055,Positive expressive writing as a tool for alleviating burnout and enhancing wellbeing in t,Employees in other sectors or mixed occupations,Mixed-occupation workers recruited across employers,O3: teachers and other full-time workers,Positive psychology,Positive psychology,
S061,Improving Teacher Wellbeing: A Randomized Pilot Study of an Online Self-Guided Single Sess,Teachers and education staff,Teachers and education staff,,Other psychological,Stress recovery and coping skills,A5: single-session consultation on coping
S064,Comparing the effectiveness of two mobile cognitive behavioral interventions for employee ,Employees in other sectors or mixed occupations,Mixed-occupation workers recruited across employers,O3: open recruitment,Cognitive-behavioural or stress management,Cognitive-behavioural or stress management,
S067,Effectiveness of the mobile application Holidaily in reducing work-related rumination when,Employees in other sectors or mixed occupations,Mixed-occupation workers recruited across employers,O3: employees returning from vacation,Other psychological,Stress recovery and coping skills,A5: recovery and reduction of rumination
S068,Learning how to recover from stress: Results from an internet-based randomized controlled ,Employees in other sectors or mixed occupations,Workers selected for a health condition or risk,O1: elevated stress symptoms,Other psychological,Stress recovery and coping skills,A5: recovery training
S071,Effect of an eHealth Intervention to Reduce Sickness Absence Frequency Among Employees Wit,Employees in other sectors or mixed occupations,Workers selected for a health condition or risk,O1: frequent sickness absence,Non-psychological mechanism,Non-psychological mechanism,
S073,Online vs. face-to-face laughter yoga to support nurses' well-being: A pilot randomized tr,Nurses,Nurses,,Other psychological,Creative and experiential group formats,A4: laughter yoga
S076,Reducing intrusive memories after trauma via an imagery-competing task intervention in COV,Other or mixed healthcare workers,Other or mixed healthcare workers,,Other psychological,"Tailored, combined or other multicomponent psychological",A1: imagery-competing cognitive task
S083,The helpers' stress: Effectiveness of a web-based intervention for professionals working w,Mental-health and social-care professionals,Mental-health and social-care professionals,,Other psychological,Stress recovery and coping skills,A5: web-based stress reduction for helpers
S085,Burnout Prevention and Mobile Mindfulness: Evaluation of an App-Based Health Training Prog,Employees in other sectors or mixed occupations,Mixed-occupation workers recruited across employers,"O3: employees, open recruitment",Mindfulness or meditation,Mindfulness or meditation,
S095,‘Interapy’ Burn-out: Prävention und Behandlung von Burn-out über das Internet,Employees in other sectors or mixed occupations,Workers selected for a health condition or risk,O1: burnout complaints,Cognitive-behavioural or stress management,Cognitive-behavioural or stress management,
S098,Burnout Symptoms among Millennial Teachers in India: The Efficacy of the Emotional Self-Ca,Teachers and education staff,Teachers and education staff,,Other psychological,Emotion regulation and emotion-focused,A2: emotional self-care programme
S099,Cellphone text messages that disclose secondary emotions reduce burnout in emotional labor,Employees in other sectors or mixed occupations,"Employees of a named occupation, industry or enterprise",O2: emotional labour,Other psychological,Emotion regulation and emotion-focused,A2: writing about secondary emotions
S101,"An acceptance and commitment training program reduces burden transfer, stress, and burnout",Employees in other sectors or mixed occupations,"Employees of a named occupation, industry or enterprise",O2: veterinary healthcare teams,Acceptance and commitment,Acceptance and commitment,
S103,STOPTHEBURN: A Randomized Controlled Trial of Death Cafés for Burnout Prevention in Intens,Other or mixed healthcare workers,Other or mixed healthcare workers,,Other psychological,Creative and experiential group formats,A4: death cafes (group discussion)
S109,"Recruitment, retention and recouperation: lessons learned from a study aimed at assessing ",Physicians and physician trainees,Physicians and physician trainees,,Other psychological,"Tailored, combined or other multicomponent psychological",A1: ACT compared with virtual body mapping
S116,Effect of a mindfulness-based cognitive behavior therapy intervention on occupational burn,Teachers and education staff,Teachers and education staff,,Other psychological,"Tailored, combined or other multicomponent psychological",A1: mindfulness and CBT combined
S118,Precision targeting of teacher burnout using network-informed ecological momentary interve,Teachers and education staff,Teachers and education staff,,Other psychological,"Tailored, combined or other multicomponent psychological",A1: micro-interventions selected per teacher by a network model
S119,Internet-based rehabilitation for individuals with chronic pain and burnout: a randomized ,Employees in other sectors or mixed occupations,Workers selected for a health condition or risk,O1: sick leave with chronic pain or burnout,Other psychological,"Tailored, combined or other multicomponent psychological",A1: multimodal internet rehabilitation course
