nct_id,brief_title,allocation,completion_date,enrollment,status,note
NCT04897165,Resilience Training for Work-related Stress in Employees and the Influence of the Lecture Format on Training Success,NON_RANDOMIZED,2016-12-19,90,Not randomized (not assessed for results),Results published (10.1007/s10484-024-09671-0; R007) without randomized allocation
NCT02540317,Internet-based Cognitive Behavior Therapy for Stress Disorders: a Randomized Trial,RANDOMIZED,2017-10-01,100,Results report published outside review scope,"Results published (10.1159/000490742) in a clinical sample recruited on chronic stress, not on occupation"
NCT04137081,Unwinding Physician Anxiety,NA,2018-08-28,57,Not randomized (not assessed for results),
NCT05246800,The Effectiveness of a Mindfulness Application on Perceived Stess,RANDOMIZED,2019-01-01,587,Results report published outside review scope,Results published (10.2196/32123) in a non-clinical general-population sample
NCT03753360,Online Mindfulness Program for Stress Management,RANDOMIZED,2019-04-15,61,No results report located,
NCT02603133,Web-based Implementation for the Science of Enhancing Resilience Study,RANDOMIZED,2019-07,2650,Results report included in this review,S045 (R076; R080; R136)
NCT03475290,Internet-Based Intervention for Occupational Stress Among Medical Professionals,RANDOMIZED,2020-04-15,1240,Results report included in this review,S029 (R045)
NCT04126564,Inner Engineering Online (IEO) Intervention for a Specific Company Employee Program,RANDOMIZED,2020-06-07,71,Results report included in this review,S023 (R038)
NCT04393818,Mobile Phone Based Intervention to Protect Mental Health in Healthcare Workers at Frontline Against COVID19,RANDOMIZED,2020-08-24,560,Results report included in this review,S016 (R023)
NCT04719351,The Use of a Mobile Application to Reduce Work-related Stress Symptoms Among Healthcare Workers,RANDOMIZED,2021-06-14,330,Results report included in this review,S086 (R146)
NCT04816708,A Self-directed Mobile Mindfulness Intervention to Address Distress and Burnout in Frontline Healthcare Workers,RANDOMIZED,2022-02-04,102,Results report included in this review,S069 (R125)
NCT04462484,Online Self-care Training Program (MAGO Study),RANDOMIZED,2022-02-13,74,No results report located,
NCT05343208,Effectiveness of Online Therapy to Prevent Burnout,NON_RANDOMIZED,2022-04-04,50,Not randomized (not assessed for results),
NCT05085132,"An Efficacy Trial of the MindFi App for Stress, Well-being, and Sleep Quality in Working Adults",RANDOMIZED,2022-05-31,192,No results report located,
NCT05289596,Sleep Well: Digital Insomnia Treatment Program For Physicians,NA,2022-07-31,25,Not randomized (not assessed for results),
NCT05036356,Burnout Reduction and Engagement App-based Trial of Headspace (BREATHE),RANDOMIZED,2022-08-05,66,No results report located,
NCT05474807,Internet-delivered Strengths Use Intervention,NA,2022-12-27,50,Not randomized (not assessed for results),
NCT05280964,Better Together: an Online Physician Coaching Program for Medical Trainees,RANDOMIZED,2023-01-01,101,Results report included in this review,S031 (R047)
NCT04958941,"CUIDA-TE, an APP for the Emotional Management",RANDOMIZED,2023-07-31,340,No results report located,Protocol published (10.1186/s12888-022-03800-x); no results report located
NCT05779501,Efficacy of Internet-delivered Strengths Use Intervention,RANDOMIZED,2023-08-15,167,No results report located,
NCT06376825,The Efficacy and Acceptability of an Internet-Based Self-Help Program to Reduce Burnout,NA,2024-06-15,25,Not randomized (not assessed for results),
NCT05998161,Evaluating the Effectiveness of a Digital Therapeutic (Reviga) for People With Stress or Burnout,RANDOMIZED,2024-06-22,290,Completed 2024 or later (follow-up window < 2 years),
NCT06190353,"Development, Acceptability and Preliminary Efficacy of an Internet-Based Self-Help Program",RANDOMIZED,2024-08-11,30,Completed 2024 or later (follow-up window < 2 years),
NCT06145425,Testing an Evidence-Based Program for Clinician Burnout,NA,2024-10-14,106,Not randomized (not assessed for results),
NCT06149156,Resident Well-being and Performance,RANDOMIZED,2024-12-01,508,Completed 2024 or later (follow-up window < 2 years),
NCT07457801,CARE Study for Paramedics in Singapore,RANDOMIZED,2025-06-30,63,Completed 2024 or later (follow-up window < 2 years),
NCT07474766,Digital Counseling Community for Burnout Prevention,NA,2025-09-05,31,Not randomized (not assessed for results),
NCT05274529,"Effects of Personal Technology Driven Workplace Wellbeing Intervention Programme on Wellbeing, Productivity (Presenteeism) and Absenteeism - an Intervention Study",NA,2026-09-01,571,Not randomized (not assessed for results),
