card,record_id,ledger_decision,ledger_first_failed,second_reviewer_decision,second_reviewer_first_failed,agreement
B01,R058,exclude,POP,exclude,POP,yes
B02,R185,exclude,BURNOUT,exclude,BURNOUT,yes
B03,R024,exclude,BURNOUT,exclude,BURNOUT,yes
B04,R046,include,,include,,yes
B05,R180,include,,include,,yes
B06,R110,exclude,REPORT,exclude,REPORT,yes
B07,R040,exclude,POP,exclude,POP,yes
B08,R021,include,,include,,yes
B09,R034,include,,include,,yes
B10,R170,include,,partial,DIGITAL,yes
B11,R097,include,,include,,yes
B12,R095,exclude,DESIGN,include,,no
B13,R012,exclude,REPORT,exclude,DIGITAL,decision_only
B14,R069,include,,include,,yes
B15,R090,include,,exclude,DIGITAL,no
B16,R050,exclude,POP,include,,no
B17,R191,exclude,DIGITAL,exclude,DIGITAL,yes
B18,R015,include,,include,,yes
B19,R023,include,,include,,yes
B20,R169,exclude,DIGITAL,include,,no
B21,R197,exclude,DESIGN,include,,no
B22,R019,exclude,DESIGN,include,,no
B23,R020,include,,include,,yes
B24,R089,include,,include,,yes
B25,R173,exclude,DIGITAL,exclude,DIGITAL,yes
B26,R048,include,,include,,yes
B27,R181,exclude,BURNOUT,exclude,BURNOUT,yes
B28,R005,exclude,REPORT,exclude,REPORT,yes
B29,R177,include,,include,,yes
B30,R001,include,,partial,DIGITAL,yes
