record_id,study_id
R001,S001
R002,S002
R003,S003
R004,S004
R008,S005
R009,S006
R010,S007
R011,S008
R013,S009
R014,S010
R015,S011
R017,S012
R018,S013
R020,S014
R021,S015
R023,S016
R025,S017
R032,S018
R033,S019
R034,S020
R036,S021
R037,S022
R038,S023
R039,S024
R041,S025
R042,S026
R043,S027
R044,S028
R045,S029
R046,S030
R047,S031
R048,S032
R049,S033
R053,S034
R054,S035
R055,S036
R057,S037
R062,S038
R066,S039
R067,S040
R068,S041
R069,S042
R071,S043
R074,S044
R076,S045
R079,S046
R080,S045
R081,S047
R082,S048
R083,S049
R085,S050
R086,S051
R087,S052
R089,S053
R090,S054
R091,S017
R095,S106
R096,S055
R097,S056
R099,S057
R101,S058
R105,S059
R109,S060
R114,S061
R115,S062
R116,S063
R117,S064
R118,S065
R120,S066
R121,S067
R124,S068
R125,S069
R126,S070
R127,S071
R129,S072
R130,S073
R131,S074
R133,S075
R134,S076
R135,S077
R136,S045
R137,S078
R138,S079
R139,S080
R140,S081
R141,S082
R142,S083
R143,S084
R144,S085
R146,S086
R170,S087
R172,S088
R177,S089
R180,S090
R184,S091
R187,S092
R188,S093
R189,S094
R194,S095
R195,S096
R196,S097
R198,S098
R234,S107
R200,S099
R204,S100
R215,S101
R216,S102
R221,S103
R225,S104
R230,S105
R239,S108
R243,S109
R246,S110
R247,S111
R248,S112
R251,S113
R262,S114
R264,S115
R265,S116
R287,S117
R174,S118
R192,S119
