study_id,primary_report,reports,n_reports,first_year,title,doi,source_db,occupation,delivery,approach,mechanism,burnout_instrument,comparator,human_support,n_randomized,burnout_instrument_source,burnout_instrument_detail
S001,R001,R001,1,2024,Feasibility and acceptability of a culturally adapted psychological first aid training intervention (Preparing Me) to support the mental health and well-being of front-line healthcare workers in China: a feasibility randomized controlled trial.,10.1080/20008066.2023.2299195,Europe PMC,Other or mixed healthcare workers,Blended (digital and in-person),Psychoeducation or resilience training,psychological,ProQOL,Active or attention control,Human-supported or facilitated,96,full text,"Professional Quality of Life Scale (ProQOL), burnout subscale"
S002,R002,R002,1,2026,"Effects of Digital Mental Health Screening Alone and With the Online MINDBODYSTRONG CBT-Based Program on Burnout, Depression, Anxiety, Healthy Behaviors, and Suicidal Ideation in at-Risk Nurses at 3- and 6-Months Post-Intervention: An RCT.",10.1111/wvn.70171,Europe PMC,Nurses,Web-based program,Cognitive-behavioural or stress management,psychological,Single-item,Usual practice or no intervention,Not reported,501,full text,Single-item valid burnout question
S003,R003,R003,1,2023,Efficacy of mHealth aided 12-week meditation and breath intervention on change in burnout and professional quality of life among health care providers of a tertiary care hospital in north India: a randomized waitlist-controlled trial.,10.3389/fpubh.2023.1258330,Europe PMC,Other or mixed healthcare workers,Live online sessions,Mindfulness or meditation,psychological,MBI,Waitlist or delayed access,Human-supported or facilitated,98,abstract,
S004,R004,R004,1,2022,Health Care Workers' Need for Headspace: Findings From a Multisite Definitive Randomized Controlled Trial of an Unguided Digital Mindfulness-Based Self-help App to Reduce Healthcare Worker Stress.,10.2196/31744,Europe PMC,Other or mixed healthcare workers,Smartphone app,Mindfulness or meditation,psychological,MBI,Active or attention control,Self-guided or automated,2182,abstract,
S005,R008,R008,1,2024,"Feasibility, acceptability, and efficacy of a positive emotion regulation intervention to promote resilience for healthcare workers during the COVID-19 pandemic: A randomized controlled trial.",10.1371/journal.pone.0305172,Europe PMC,Other or mixed healthcare workers,Web-based program,Positive psychology,psychological,OLBI,Waitlist or delayed access,Self-guided or automated,554,full text,Oldenburg Burnout Inventory (OLBI)
S006,R009,R009,1,2022,Mindfulness-Based Intervention for the Reduction of Compassion Fatigue and Burnout in Nurse Caregivers of Institutionalized Older Persons with Dementia: A Randomized Controlled Trial.,10.3390/ijerph191811441,Europe PMC,Nurses,Web-based program,Mindfulness or meditation,psychological,ProQOL,Not reported,Not reported,74,abstract,
S007,R010,R010,1,2025,"Effect of Minimal Individual or Group Enhancement in an eHealth Program on Mental Health, Health Behavior, and Work Ability in Employees With Obesity: Randomized Controlled Trial.",10.2196/66518,Europe PMC,Employees in other sectors or mixed occupations,Web-based program,Acceptance and commitment,psychological,BBI,Head-to-head digital variants,Human-supported or facilitated,111,abstract,
S008,R011,R011,1,2023,"Feasibility, acceptability and preliminary efficacy of a mental health self-management app in clinicians working during the COVID-19 pandemic: A pilot randomised controlled trial.",10.1016/j.psychres.2023.115493,Europe PMC,Other or mixed healthcare workers,Smartphone app,Psychoeducation or resilience training,psychological,CBI,Waitlist or delayed access,Self-guided or automated,34,abstract,
S009,R013,R013,1,2024,Effectiveness of an Internet-Based Acceptance and Commitment Therapy Intervention for Reducing Psychological Distress in Health Care Professionals: Randomized Controlled Trial.,10.2196/59093,Europe PMC,Other or mixed healthcare workers,Web-based program,Acceptance and commitment,psychological,MBI,Waitlist or delayed access,Human-supported or facilitated,108,full text,"Maslach Burnout Inventory–General Survey (MBI-GS), Chinese version"
S010,R014,R014,1,2023,Hybrid Delivery of Mindfulness Meditation and Perceived Stress in Pediatric Resident Physicians: A Randomized Clinical Trial of In-Person and Digital Mindfulness Meditation.,10.1007/s10880-022-09896-3,Europe PMC,Physicians and physician trainees,Blended (digital and in-person),Mindfulness or meditation,psychological,MBI,Waitlist or delayed access,Human-supported or facilitated,66,abstract,
S011,R015,R015,1,2025,Effectiveness of a mindfulness- and compassion-based online intervention for physician burnout: A randomized controlled trial with mediation and clinical outcome analyses.,10.1016/j.genhosppsych.2025.09.012,Europe PMC,Physicians and physician trainees,Web-based program,Mindfulness or meditation,psychological,MBI,Waitlist or delayed access,Not reported,474,abstract,
S012,R017,R017,1,2020,Improving employees' work-related well-being and physical health through a technology-based physical activity intervention: A randomized intervention-control group study.,10.1037/ocp0000169,Europe PMC,Employees in other sectors or mixed occupations,Wearable or motion-sensing platform,Non-psychological mechanism,physical activity or health behaviour,SMBQ,Not reported,Human-supported or facilitated,116,full text,"Shirom–Melamed Burnout Measure (SMBM), German version"
S013,R018,R018,1,2018,Resilience Training for Work-Related Stress Among Health Care Workers: Results of a Randomized Clinical Trial Comparing In-Person and Smartphone-Delivered Interventions.,10.1097/jom.0000000000001285,Europe PMC,Other or mixed healthcare workers,Smartphone app,Psychoeducation or resilience training,psychological,MBI,Active or attention control,Self-guided or automated,60,full text,MBI-Human Services Survey (MBI-HSS)
S014,R020,R020,1,2026,Alleviating Nurse Burnout With an Artificial Intelligence-Selected Mobile Cognitive Behavioral Therapy-Based Intervention: Mixed Methods Randomized Controlled Trial.,10.2196/85986,Europe PMC,Nurses,Smartphone app,Cognitive-behavioural or stress management,psychological,CBI,Active or attention control,Self-guided or automated,125,abstract,
S015,R021,R021,1,2026,Harness your best self! Testing the feasibility and efficacy of a novel strengths-based internet intervention for improving employee well-being-A two-trial approach.,10.1111/aphw.70169,Europe PMC,Employees in other sectors or mixed occupations,Web-based program,Positive psychology,psychological,BAT,Waitlist or delayed access,Not reported,167,full text,Burnout Assessment Tool (BAT)
S016,R023,R023,1,2021,A Mobile Phone-Based Intervention to Reduce Mental Health Problems in Health Care Workers During the COVID-19 Pandemic (PsyCovidApp): Randomized Controlled Trial.,10.2196/27039,Europe PMC,Other or mixed healthcare workers,Smartphone app,Psychoeducation or resilience training,psychological,MBI,Active or attention control,Self-guided or automated,482,abstract,
S017,R025,R025;R091,2,2012,A Web-Based Mindfulness Stress Management Program in a Corporate Call Center: A Randomized Clinical Trial to Evaluate the Added Benefit of Onsite Group Support.,10.1097/jom.0000000000000680,Europe PMC,Employees in other sectors or mixed occupations,Web-based program,Mindfulness or meditation,psychological,MBI,Waitlist or delayed access,Human-supported or facilitated,161,abstract,
S018,R032,R032,1,2025,Efficacy of a Web-Based Stress Management Intervention for Beginning Teachers on Reducing Stress and Mechanisms of Change: Randomized Controlled Trial.,10.2196/58475,Europe PMC,Teachers and education staff,Web-based program,Cognitive-behavioural or stress management,psychological,MBI,Waitlist or delayed access,Human-supported or facilitated,200,abstract,
S019,R033,R033,1,2024,"Effectiveness of a chatbot in improving the mental wellbeing of health workers in Malawi during the COVID-19 pandemic: A randomized, controlled trial.",10.1371/journal.pone.0303370,Europe PMC,Other or mixed healthcare workers,Chatbot,Psychoeducation or resilience training,psychological,OLBI,Active or attention control,Self-guided or automated,1584,abstract,
S020,R034,R034,1,2021,"The effect of Emotional Freedom Techniques on nurses' stress, anxiety, and burnout levels during the COVID-19 pandemic: A randomized controlled trial.",10.1016/j.explore.2020.11.012,Europe PMC,Nurses,Live online sessions,Other psychological,psychological,Turkish Burnout Scale,Usual practice or no intervention,Human-supported or facilitated,72,full text,Turkish-adapted Burnout Scale (Çapri adaptation)
S021,R036,R036,1,2023,Efficacy of a brief psychological intervention to reduce distress in healthcare workers during the COVID-19 pandemic: A randomized controlled trial.,10.1037/tra0001524,Europe PMC,Other or mixed healthcare workers,Live online sessions,Cognitive-behavioural or stress management,psychological,MBI,Usual practice or no intervention,Human-supported or facilitated,160,full text,Two-item version of the Maslach Burnout Inventory–Health Services Survey (MBI-HSS)
S022,R037,R037,1,2026,Exploring the feasibility of a web-based positive psychology program among anaesthesiologists: an explanatory sequential mixed-methods pilot study.,10.1186/s12909-026-09459-2,Europe PMC,Physicians and physician trainees,Blended (digital and in-person),Positive psychology,psychological,CBI,Waitlist or delayed access,Human-supported or facilitated,102,abstract,
S023,R038,R038,1,2022,The Effect of Inner Engineering Online (IEO) Program on Reducing Stress for Information Technology Professionals: A Randomized Control Study.,10.1155/2022/9001828,Europe PMC,Employees in other sectors or mixed occupations,Web-based program,Mindfulness or meditation,psychological,MBI,Active or attention control,Not reported,71,full text,Maslach Burnout Inventory–General Survey (MBI-GS)
S024,R039,R039,1,2026,Effectiveness of Mobile-Delivered Exercise and Yoga Programs on Depressive Symptom Reduction in Employees: Randomized Controlled Trial.,10.2196/80287,Europe PMC,Employees in other sectors or mixed occupations,Wearable or motion-sensing platform,Non-psychological mechanism,physical activity or health behaviour,MBI,Active or attention control,Self-guided or automated,75,full text,"Maslach Burnout Inventory–General Survey (MBI-GS), Korean adaptation"
S025,R041,R041,1,2026,Randomized controlled trial of job crafting as a digital health intervention for occupational burnout in psychological therapists.,10.1037/ccp0000992,Europe PMC,Mental-health and social-care professionals,Live online sessions,Other psychological,psychological,OLBI,Waitlist or delayed access,Human-supported or facilitated,135,full text,Oldenburg Burnout Inventory (OLBI)
S026,R042,R042,1,2023,Work-Focused Versus Generic Internet-Based Interventions for Employees With Stress-Related Disorders: Randomized Controlled Trial.,10.2196/34446,Europe PMC,Employees in other sectors or mixed occupations,Web-based program,Cognitive-behavioural or stress management,psychological,SMBQ,Waitlist or delayed access,Not reported,182,abstract,
S027,R043,R043,1,2024,Developing Self-Compassion in Healthcare Professionals Utilising a Brief Online Intervention: A Randomised Waitlist Control Trial.,10.3390/ijerph21101346,Europe PMC,Other or mixed healthcare workers,Web-based program,Compassion-based,psychological,CBI,Waitlist or delayed access,Self-guided or automated,190,abstract,
S028,R044,R044,1,2025,Digital health interventions for occupational burnout in healthcare professionals: a multi-site randomised non-inferiority trial.,10.1016/j.brat.2025.104919,Europe PMC,Other or mixed healthcare workers,Live online sessions,Cognitive-behavioural or stress management,psychological,OLBI,Head-to-head digital variants,Human-supported or facilitated,465,abstract,
S029,R045,R045,1,2021,Resource-Based Internet Intervention (Med-Stress) to Improve Well-Being Among Medical Professionals: Randomized Controlled Trial.,10.2196/21445,Europe PMC,Other or mixed healthcare workers,Web-based program,Other psychological,psychological,OLBI,Active or attention control,Self-guided or automated,1240,full text,Oldenburg Burnout Inventory (OLBI)
S030,R046,R046,1,2022,Efficacy of a Workplace Intervention Program With Web-Based Online and Offline Modalities for Improving Workers' Mental Health.,10.3389/fpsyt.2022.888157,Europe PMC,Employees in other sectors or mixed occupations,Blended (digital and in-person),Psychoeducation or resilience training,psychological,MBI,Waitlist or delayed access,Not reported,456,abstract,
S031,R047,R047,1,2022,Effect of a Novel Online Group-Coaching Program to Reduce Burnout in Female Resident Physicians: A Randomized Clinical Trial.,10.1001/jamanetworkopen.2022.10752,Europe PMC,Physicians and physician trainees,Web-based program,Coaching,psychological,MBI,Usual practice or no intervention,Human-supported or facilitated,101,abstract,
S032,R048,R048,1,2026,A Randomized Controlled Feasibility Study to Evaluate the Online Delivery of Storytelling Through Music With Oncology Nurses.,10.1097/ncc.0000000000001441,Europe PMC,Nurses,Live online sessions,Other psychological,psychological,ProQOL,Waitlist or delayed access,Human-supported or facilitated,24,full text,Professional Quality of Life Scale (ProQOL; burnout subscale)
S033,R049,R049,1,2009,A randomized trial comparing two models of web-based training in cognitive-behavioral therapy for substance abuse counselors.,10.1016/j.jsat.2009.01.002,Europe PMC,Mental-health and social-care professionals,Web-based program,Non-psychological mechanism,professional training,MBI,Head-to-head digital variants,Human-supported or facilitated,147,full text,Maslach Burnout Inventory–Human Services Survey (MBI-HSS)
S034,R053,R053,1,2023,"Self-paced acceptance and commitment training reduces burden transfer, stress, and burnout in veterinary healthcare teams.",10.2460/javma.23.01.0037,Europe PMC,Other or mixed healthcare workers,Web-based program,Acceptance and commitment,psychological,CBI,Head-to-head digital variants,Human-supported or facilitated,252,full text,Copenhagen Burnout Inventory (CBI)
S035,R054,R054,1,2026,The effects of mindfulness meditation on burnout in clinical genetic counselors: A three-arm randomized controlled trial.,10.1002/jgc4.70241,Europe PMC,Other or mixed healthcare workers,Smartphone app,Mindfulness or meditation,psychological,PFI,Active or attention control,Self-guided or automated,397,abstract,
S036,R055,R055,1,2022,'Dear Doctor': a randomised controlled trial of a text message intervention to reduce burnout in trainee anaesthetists.,10.1111/anae.15643,Europe PMC,Physicians and physician trainees,Text or instant messaging,Positive psychology,psychological,CBI,Usual practice or no intervention,Self-guided or automated,279,abstract,
S037,R057,R057,1,2024,Sudarshan Kriya Yoga Breathing and a Meditation Program for Burnout Among Physicians: A Randomized Clinical Trial.,10.1001/jamanetworkopen.2023.53978,Europe PMC,Physicians and physician trainees,Live online sessions,Mindfulness or meditation,psychological,PFI,Active or attention control,Human-supported or facilitated,,abstract,
S038,R062,R062,1,2025,Impact of an Online Group-Coaching Program on Ambulatory Faculty Physician Well-Being: A Randomized Trial.,10.3122/jabfm.2024.240022r1,Europe PMC,Physicians and physician trainees,Web-based program,Coaching,psychological,MBI,Usual practice or no intervention,Human-supported or facilitated,160,abstract,
S039,R066,R066,1,2018,Internet-based stress management for distressed managers: results from a randomised controlled trial.,10.1136/oemed-2017-104458,Europe PMC,Employees in other sectors or mixed occupations,Web-based program,Cognitive-behavioural or stress management,psychological,SMBQ,Active or attention control,Human-supported or facilitated,117,full text,Shirom–Melamed Burnout Questionnaire (SMBQ)
S040,R067,R067,1,2023,A Smartphone App to Reduce Burnout in the Emergency Department: A Pilot Randomized Controlled Trial.,10.1177/21650799221123261,Europe PMC,Other or mixed healthcare workers,Smartphone app,Psychoeducation or resilience training,psychological,MBI,Waitlist or delayed access,Self-guided or automated,,abstract,
S041,R068,R068,1,2023,Online Well-Being Group Coaching Program for Women Physician Trainees: A Randomized Clinical Trial.,10.1001/jamanetworkopen.2023.35541,Europe PMC,Physicians and physician trainees,Web-based program,Coaching,psychological,MBI,Usual practice or no intervention,Human-supported or facilitated,1017,abstract,
S042,R069,R069,1,2023,Selective Prevention of Depression in Workers Using a Smartphone App: Randomized Controlled Trial.,10.2196/45963,Europe PMC,Employees in other sectors or mixed occupations,Smartphone app,Cognitive-behavioural or stress management,psychological,CBI,Active or attention control,Self-guided or automated,2084,full text,"Copenhagen Burnout Inventory (CBI), work-related subscale"
S043,R071,R071,1,2022,Effects of mobile mindfulness on emergency department work stress: A randomised controlled trial.,10.1111/1742-6723.13836,Europe PMC,Other or mixed healthcare workers,Smartphone app,Mindfulness or meditation,psychological,MBI,Waitlist or delayed access,Self-guided or automated,148,abstract,
S044,R074,R074,1,2025,AI-Assisted Tailored Intervention for Nurse Burnout: A Three-Group Randomized Controlled Trial.,10.1111/wvn.70003,Europe PMC,Nurses,Web-based program,Other psychological,psychological,CBI,Active or attention control,Self-guided or automated,120,abstract,
S045,R076,R076;R080;R136,3,2021,"Randomized controlled trial of the ""WISER"" intervention to reduce healthcare worker burnout.",10.1038/s41372-021-01100-y,Europe PMC,Other or mixed healthcare workers,Web-based program,Positive psychology,psychological,MBI,Waitlist or delayed access,Self-guided or automated,481,full text,5-item derivative of MBI emotional-exhaustion scale
S046,R079,R079,1,2022,Randomized controlled trial of emotion-focused training for helping professionals.,10.3389/fpsyg.2022.1024451,Europe PMC,Mental-health and social-care professionals,Web-based program,Other psychological,psychological,OLBI,Usual practice or no intervention,Not reported,253,full text,Oldenburg Burnout Inventory (OLBI)
S047,R081,R081,1,2023,Intervention for job burnout reduction among a sample of Nigerian lecturers.,10.1097/md.0000000000033425,Europe PMC,Teachers and education staff,Live online sessions,Cognitive-behavioural or stress management,psychological,OLBI,Not reported,Human-supported or facilitated,80,abstract,
S048,R082,R082,1,2025,Digital Meditation to Target Employee Stress: A Randomized Clinical Trial.,10.1001/jamanetworkopen.2024.54435,Europe PMC,Other or mixed healthcare workers,Smartphone app,Mindfulness or meditation,psychological,BBI,Waitlist or delayed access,Self-guided or automated,1458,full text,Bergen Burnout Inventory (BBI)
S049,R083,R083,1,2020,Personalised yoga for burnout and traumatic stress in junior doctors.,10.1136/postgradmedj-2019-137413,Europe PMC,Physicians and physician trainees,Blended (digital and in-person),Non-psychological mechanism,physical activity or health behaviour,MBI,Active or attention control,Human-supported or facilitated,21,abstract,
S050,R085,R085,1,2020,A preliminary comparison of the efficacy of online Acceptance and Commitment Therapy (ACT) and Cognitive Behavioural Therapy (CBT) stress management interventions for social and healthcare workers,10.1111/hsc.13074,OpenAlex,Other or mixed healthcare workers,Web-based program,Acceptance and commitment,psychological,MBI,Head-to-head digital variants,Self-guided or automated,42,full text,Maslach Burnout Inventory (MBI)
S051,R086,R086,1,2021,A Mindfulness-Based Cognitive Therapy (MBCT) Intervention to Improve Resilience and Mitigate Symptoms of Burnout Syndrome in Critical Care Nurses: Results of a Randomized Trial,10.4236/ojn.2021.118055,OpenAlex,Nurses,Blended (digital and in-person),Mindfulness or meditation,psychological,MBI,Active or attention control,Human-supported or facilitated,101,abstract,
S052,R087,R087,1,2021,"The Effectiveness of an Online Positive Psychology Intervention among Healthcare Professionals with Depression, Anxiety or Stress Symptoms and Burnout",10.4236/psych.2021.123025,OpenAlex,Other or mixed healthcare workers,Web-based program,Positive psychology,psychological,MBI,Active or attention control,Self-guided or automated,38,abstract,
S053,R089,R089,1,2024,Mindfulness-Based Social Work and Self-Care with Social Work Professionals: Replication and Expansion of a Randomised Controlled Trial,10.1093/bjsw/bcae011,OpenAlex,Mental-health and social-care professionals,Live online sessions,Mindfulness or meditation,psychological,MBI,Active or attention control,Human-supported or facilitated,60,full text,Maslach Burnout Inventory (MBI)
S054,R090,R090,1,2016,"A randomized, controlled study of an online intervention to promote job satisfaction and well-being among physicians",10.1016/j.burn.2016.06.002,OpenAlex,Physicians and physician trainees,Web-based program,Other psychological,psychological,MBI,Not reported,Self-guided or automated,290,full text,Maslach Burnout Inventory (MBI)
S106,R095,R095,1,2023,Satisfying students' psychological needs in the classroom: Benefits of an online intervention to help primary school teachers during a pandemic academic year,10.1016/j.tate.2023.104281,OpenAlex,Teachers and education staff,Web-based program,Non-psychological mechanism,professional training,MBI,Usual practice or no intervention,Human-supported or facilitated,42,full text,"Maslach Burnout Inventory (22 items; emotional exhaustion, depersonalization, personal accomplishment)"
S055,R096,R096,1,2022,Positive expressive writing as a tool for alleviating burnout and enhancing wellbeing in teachers and other full-time workers,10.1080/23311908.2022.2060628,OpenAlex,Employees in other sectors or mixed occupations,Web-based program,Positive psychology,psychological,MBI,Active or attention control,Self-guided or automated,66,full text,Maslach Burnout Inventory (MBI)
S056,R097,R097,1,2025,Effects of online content-focused coaching on reducing the risk of professional burnout among elementary school teachers: The example of educational leadership in the United Arab Emirates,10.1080/00221309.2025.2587892,OpenAlex,Teachers and education staff,Web-based program,Non-psychological mechanism,professional training,MBI,Usual practice or no intervention,Human-supported or facilitated,200,abstract,
S057,R099,R099,1,2025,Evaluating an online four-session loving-kindness and compassion meditation training on improving psychological well-being among healthcare professionals in Hong Kong: a pilot randomised controlled study,10.1080/23311908.2025.2510737,OpenAlex,Other or mixed healthcare workers,Live online sessions,Compassion-based,psychological,MBI,Waitlist or delayed access,Human-supported or facilitated,82,full text,Maslach Burnout Inventory (MBI)
S058,R101,R101,1,2020,The effect of a gratitude program on job stress & burnout in Esfahan prehospital technicians,,OpenAlex,Other or mixed healthcare workers,Blended (digital and in-person),Positive psychology,psychological,MBI,Not reported,Human-supported or facilitated,80,abstract,
S059,R105,R105,1,2019,A Randomized Controlled Trial of a Longitudinal Mindfulness Intervention to Decrease Burnout in Medical Residents,10.7936/0qmc-wh58,OpenAlex,Physicians and physician trainees,Blended (digital and in-person),Mindfulness or meditation,psychological,MBI,Not reported,Human-supported or facilitated,69,abstract,
S060,R109,R109,1,2026,AIZEN Digital Meditation Intervention for Caregiver Burnout in Taiwan—A Pilot Randomized Trial,10.1007/s12671-026-02854-2,OpenAlex,Other or mixed healthcare workers,Web-based program,Mindfulness or meditation,psychological,CBI,Waitlist or delayed access,Human-supported or facilitated,57,abstract,
S061,R114,R114,1,2024,Improving Teacher Wellbeing: A Randomized Pilot Study of an Online Self-Guided Single Session Consultation Intervention,,ERIC,Teachers and education staff,Web-based program,Other psychological,psychological,MBI,Waitlist or delayed access,Self-guided or automated,122,full text,Maslach Burnout Inventory for Educators (MBI-ES)
S062,R115,R115,1,2026,Healing the healers: A pilot randomised controlled trial to assess the effectiveness of a novel web-based compassion training for nurses,10.1016/j.aimed.2026.100651,Web of Science,Nurses,Web-based program,Compassion-based,psychological,MBI,Active or attention control,Not reported,70,abstract,
S063,R116,R116,1,2014,Efficacy of an internet-based problem-solving training for teachers: results of a randomized controlled trial,10.5271/sjweh.3449,Web of Science,Teachers and education staff,Web-based program,Cognitive-behavioural or stress management,psychological,MBI,Waitlist or delayed access,Not reported,150,full text,Maslach Burnout Inventory for human-services workers (MBI-D)
S064,R117,R117,1,2026,Comparing the effectiveness of two mobile cognitive behavioral interventions for employee burnout in a randomized controlled Trial: PsyPills™ (REBT) versus ACT Companion™ (ACT),10.1016/j.jbct.2026.100617,Web of Science,Employees in other sectors or mixed occupations,Smartphone app,Cognitive-behavioural or stress management,psychological,MBI,Waitlist or delayed access,Self-guided or automated,113,full text,Maslach Burnout Inventory (MBI)
S065,R118,R118,1,2023,Effects and Mechanisms of a Web- and Mobile-Based Acceptance and Commitment Therapy Intervention for Anxiety and Depression Symptoms in Nurses: Fully Decentralized Randomized Controlled Trial,10.2196/51549,Web of Science,Nurses,Smartphone app,Acceptance and commitment,psychological,MBI,Waitlist or delayed access,Self-guided or automated,145,full text,Maslach Burnout Inventory–Human Services Survey for Medical Personnel (MBI-HSS MP)
S066,R120,R120,1,2023,A randomised trial of Mindfulness-based Social Work and Self-Care with social workers,10.1007/s12144-023-04410-w,Web of Science,Mental-health and social-care professionals,Live online sessions,Mindfulness or meditation,psychological,MBI,Active or attention control,Human-supported or facilitated,62,full text,Maslach Burnout Inventory (MBI)
S067,R121,R121,1,2026,Effectiveness of the mobile application Holidaily in reducing work-related rumination when returning to work after vacation: a randomized controlled trial,10.3389/fdgth.2026.1698339,Web of Science,Employees in other sectors or mixed occupations,Smartphone app,Other psychological,psychological,MBI,Waitlist or delayed access,Self-guided or automated,190,abstract,
S068,R124,R124,1,2023,Learning how to recover from stress: Results from an internet-based randomized controlled pilot trial,10.1016/j.invent.2023.100681,Web of Science,Employees in other sectors or mixed occupations,Web-based program,Other psychological,psychological,SMBQ,Waitlist or delayed access,Human-supported or facilitated,69,full text,Shirom–Melamed Burnout Questionnaire (SMBQ)
S069,R125,R125,1,2023,Mobile Mindfulness for Psychological Distress and Burnout among Frontline COVID-19 Nurses A Pilot Randomized Trial,10.1513/AnnalsATS.202301-025OC,Web of Science,Nurses,Smartphone app,Mindfulness or meditation,psychological,MBI,Waitlist or delayed access,Self-guided or automated,102,abstract,
S070,R126,R126,1,2021,The impact of an online stress intervention on burnout and teacher efficacy,10.1016/j.tate.2020.103251,Web of Science,Teachers and education staff,Web-based program,Psychoeducation or resilience training,psychological,NR,Not reported,Not reported,51,not determined,
S071,R127,R127,1,2018,Effect of an eHealth Intervention to Reduce Sickness Absence Frequency Among Employees With Frequent Sickness Absence: Randomized Controlled Trial,10.2196/10821,Web of Science,Employees in other sectors or mixed occupations,Web-based program,Non-psychological mechanism,feedback or navigation,UBOS,Usual practice or no intervention,Human-supported or facilitated,82,full text,"Utrecht Burnout Scale (UBOS), 9-item version"
S072,R129,R129,1,2023,The effects of online support program for nurses with COVID-19 patients on the professional quality of life and psychological empowerment perception: a randomized controlled trial,10.14744/phd.2022.24445,Web of Science,Nurses,Live online sessions,Psychoeducation or resilience training,psychological,ProQOL,Not reported,Human-supported or facilitated,48,abstract,
S073,R130,R130,1,2026,Online vs. face-to-face laughter yoga to support nurses' well-being: A pilot randomized trial,10.1177/10519815261472875,Web of Science,Nurses,Live online sessions,Other psychological,psychological,MBI,Usual practice or no intervention,Human-supported or facilitated,47,abstract,
S074,R131,R131,1,2024,Self-care for teachers-evaluation of the effects of a prevention and health-promoting intervention,10.1007/s11553-023-01062-3,Web of Science,Teachers and education staff,Live online sessions,Mindfulness or meditation,psychological,CBI,Waitlist or delayed access,Human-supported or facilitated,,full text,"Copenhagen Burnout Inventory (CBI), Personal Burnout subscale"
S075,R133,R133,1,2025,Investigating a brief intervention to instill a self-compassionate perspective in teaching: A randomized field experiment with first-year classroom teachers,10.1016/j.sel.2025.100113,Scopus,Teachers and education staff,Web-based program,Compassion-based,psychological,MBI,Active or attention control,Self-guided or automated,119,full text,Maslach Burnout Inventory for Educators (MBI-ES)
S076,R134,R134,1,2023,Reducing intrusive memories after trauma via an imagery-competing task intervention in COVID-19 intensive care staff: a randomised controlled trial,10.1038/s41398-023-02578-0,Scopus,Other or mixed healthcare workers,Smartphone app,Other psychological,psychological,SWEBO,Waitlist or delayed access,Not reported,86,full text,"Scale of Work Engagement and Burnout (SWEBO), work-burnout scale"
S077,R135,R135,1,2023,Randomized trial of personalized psychological feedback from a longitudinal online survey and simultaneous evaluation of randomized stepped wedge availability of in-person peer support for hospital staff during the COVID-19 pandemic,10.1016/j.genhosppsych.2023.06.005,Scopus,Other or mixed healthcare workers,Web-based program,Non-psychological mechanism,feedback or navigation,MBI,Usual practice or no intervention,Self-guided or automated,538,full text,"MBI-HSS for Medical Personnel, emotional-exhaustion subscale"
S078,R137,R137,1,2020,Does a phone-based meditation application improve mental wellness in emergency medicine personnel?,10.1016/j.ajem.2020.04.058,Scopus,Other or mixed healthcare workers,Smartphone app,Mindfulness or meditation,psychological,MBI,Not reported,Self-guided or automated,,full text,MBI-HSS for Medical Personnel
S079,R138,R138,1,2023,"Effects of 12 Weeks of At-Home, Application-Based Exercise on Health Care Workers' Depressive Symptoms, Burnout, and Absenteeism: A Randomized Clinical Trial",10.1001/jamapsychiatry.2023.2706,Scopus,Other or mixed healthcare workers,Smartphone app,Non-psychological mechanism,physical activity or health behaviour,MBI,Waitlist or delayed access,Self-guided or automated,288,full text,"Maslach Burnout Inventory (MBI), 16-item version"
S080,R139,R139,1,2018,Mindful self-compassion training reduces stress and burnout symptoms among practicing psychologists: A randomized controlled trial of a brief web-based intervention,10.3389/fpsyg.2018.02340,Scopus,Mental-health and social-care professionals,Web-based program,Compassion-based,psychological,SMBQ,Waitlist or delayed access,Self-guided or automated,101,abstract,
S081,R140,R140,1,2024,Digital Engagement Strategy and Health Care Worker Mental Health: A Randomized Clinical Trial,10.1001/jamanetworkopen.2024.10994,Scopus,Other or mixed healthcare workers,Text or instant messaging,Non-psychological mechanism,feedback or navigation,WBI,Usual practice or no intervention,Self-guided or automated,1275,full text,"Well-Being Index (WBI), 9-question assessment"
S082,R141,R141,1,2023,"Mindfulness Applications: Can They Serve as a Stress, Anxiety, and Burnout Reduction Tool in Orthopaedic Surgery Training? A Randomized Control Trial",10.2106/jbjs.oa.22.00114,Scopus,Physicians and physician trainees,Smartphone app,Mindfulness or meditation,psychological,MBI,Not reported,Self-guided or automated,,full text,MBI–Medical Personnel
S083,R142,R142,1,2016,The helpers' stress: Effectiveness of a web-based intervention for professionals working with trauma survivors in reducing job burnout and improving work engagement,10.13075/mp.5893.00220,Scopus,Mental-health and social-care professionals,Web-based program,Other psychological,psychological,OLBI,Active or attention control,Self-guided or automated,,full text,Oldenburg Burnout Inventory (OLBI)
S084,R143,R143,1,2024,Well-Being Outcomes of Health Care Workers after a 5-Hour Continuing Education Intervention: The WELL-B Randomized Clinical Trial,10.1001/jamanetworkopen.2024.34362,Scopus,Other or mixed healthcare workers,Web-based program,Positive psychology,psychological,MBI,Not reported,Self-guided or automated,,full text,5-item derivative of MBI emotional-exhaustion scale
S085,R144,R144,1,2018,Burnout Prevention and Mobile Mindfulness: Evaluation of an App-Based Health Training Program for Employees,10.1055/s-0043-114004,Scopus,Employees in other sectors or mixed occupations,Smartphone app,Mindfulness or meditation,psychological,MBI,Waitlist or delayed access,Self-guided or automated,306,full text,Five-item emotional-exhaustion subscale from the Maslach Burnout Inventory
S086,R146,R146,1,2025,Optimizing Intervention Components of a Preventive Stress Management mHealth Intervention for Health Care Workers: Experimental Factorial Study.,10.2196/71032,Registry-linked (ClinicalTrials.gov),Other or mixed healthcare workers,Smartphone app,Cognitive-behavioural or stress management,psychological,OLBI,Head-to-head digital variants,Self-guided or automated,297,abstract,
S087,R170,R170,1,2026,Pragmatic Parental Support to Mitigate Burnout Among Pregnant and Postpartum Trainees: A Randomized Clinical Trial.,10.1001/jama.2026.5663,Europe PMC (supplementary search),Physicians and physician trainees,Blended (digital and in-person),Non-psychological mechanism,workplace or practical support,PFI,Usual practice or no intervention,Human-supported or facilitated,156,abstract,
S088,R172,R172,1,2025,The effect of a trauma-informed care video training program for midwives: A randomized controlled trial.,10.1016/j.wombi.2025.102115,Europe PMC (supplementary search),Other or mixed healthcare workers,Web-based program,Non-psychological mechanism,professional training,PFI,Waitlist or delayed access,Self-guided or automated,42,abstract,
S089,R177,R177,1,2025,Ambient AI Scribes in Clinical Practice: A Randomized Trial.,10.1056/aioa2501000,Europe PMC (supplementary search),Physicians and physician trainees,Ambient AI scribe,Non-psychological mechanism,workflow automation,PFI,Usual practice or no intervention,Self-guided or automated,238,abstract,
S090,R180,R180,1,2024,The Feasibility and Impact of an Asynchronous Interprofessional Well-Being Course on Burnout in Health Care Professionals.,10.36518/2689-0216.1778,Europe PMC (supplementary search),Other or mixed healthcare workers,Web-based program,Psychoeducation or resilience training,psychological,MBI,Waitlist or delayed access,Self-guided or automated,,abstract,
S091,R184,R184,1,2025,"The Influence of Artificial Intelligence Scribes on Clinician Experience and Efficiency among Pediatric Subspecialists: A Rapid, Randomized Quality Improvement Trial.",10.1055/a-2657-8087,Europe PMC (supplementary search),Physicians and physician trainees,Ambient AI scribe,Non-psychological mechanism,workflow automation,Single-item,Usual practice or no intervention,Self-guided or automated,23,abstract,
S092,R187,R187,1,2022,Mitigating the stress of transition: An exploration of the effects and effectiveness of a preparatory course for junior obstetric trainees transitioning to senior training roles.,10.1016/j.ejogrb.2022.07.019,Europe PMC (supplementary search),Physicians and physician trainees,Blended (digital and in-person),Non-psychological mechanism,professional training,MBI,Usual practice or no intervention,Human-supported or facilitated,11,abstract,
S093,R188,R188,1,2019,Effect of Serial Anthropometric Measurements and Motivational Text Messages on Weight Reduction Among Workers: Pilot Randomized Controlled Trial.,10.2196/11832,Europe PMC (supplementary search),Employees in other sectors or mixed occupations,Text or instant messaging,Non-psychological mechanism,physical activity or health behaviour,MBI,Active or attention control,Self-guided or automated,60,full text,MBI-HSS emotional-exhaustion subscale; plus Single-Item Burnout measure
S094,R189,R189,1,2020,The Use of Online Physician Training Can Improve Patient Experience and Physician Burnout.,10.1177/1062860619869833,Europe PMC (supplementary search),Physicians and physician trainees,Web-based program,Non-psychological mechanism,professional training,MBI,Usual practice or no intervention,Not reported,63,full text,Maslach Burnout Inventory (MBI)
S095,R194,R194,1,2004,‘Interapy’ Burn-out: Prävention und Behandlung von Burn-out über das Internet,10.1159/000080915,OpenAlex (supplementary search),Employees in other sectors or mixed occupations,Web-based program,Cognitive-behavioural or stress management,psychological,MBI,Active or attention control,Human-supported or facilitated,133,full text,"Utrecht Burnout Scale, general version (UBOS-A; Dutch MBI)"
S096,R195,R195,1,2019,"Preschool teachers’ self-efficacy, burnout, and stress in online professional development: a mixed methods approach to understand change",10.1080/10901027.2019.1638851,OpenAlex (supplementary search),Teachers and education staff,Web-based program,Non-psychological mechanism,professional training,MBI,Usual practice or no intervention,Not reported,89,full text,Maslach Burnout Inventory (MBI)
S097,R196,R196,1,2023,Is it Too Optimistic to Assume Light Touch Interventions can Improve Educational Workers’ Wellbeing? Insights from a Field Randomized Control Trial in Canada,10.7202/1108430ar,OpenAlex (supplementary search),Teachers and education staff,Text or instant messaging,Psychoeducation or resilience training,psychological,CBI,Usual practice or no intervention,Self-guided or automated,1155,full text,"Copenhagen Burnout Inventory (CBI), work subscale"
S098,R198,R198,1,2024,Burnout Symptoms among Millennial Teachers in India: The Efficacy of the Emotional Self-Care Online Intervention Program (ESCOIP),10.7454/hubs.asia.1160424,OpenAlex (supplementary search),Teachers and education staff,Web-based program,Other psychological,psychological,MBI,Usual practice or no intervention,Not reported,40,abstract,
S099,R200,R200,1,2012,Cellphone text messages that disclose secondary emotions reduce burnout in emotional laborers,10.4092/jsre.20.1_9,OpenAlex (supplementary search),Employees in other sectors or mixed occupations,Text or instant messaging,Other psychological,psychological,Japanese Burnout Scale,Active or attention control,Self-guided or automated,20,full text,"Japanese Burnout Scale (Kubo, 1998)"
S100,R204,R204,1,2026,"Wearable Biosensor Monitoring, Machine Learning–Based Burnout Risk Prediction, and Just-in-Time Adaptive Intervention: A Three-Arm Randomized Controlled Trial Among Healthcare Workers (Preprint)",10.2196/preprints.101459,OpenAlex (supplementary search),Employees in other sectors or mixed occupations,Wearable or motion-sensing platform,Non-psychological mechanism,feedback or navigation,MBI,Usual practice or no intervention,Self-guided or automated,218,full text,Maslach Burnout Inventory–General Survey (MBI-GS)
S101,R215,R215,1,2022,"An acceptance and commitment training program reduces burden transfer, stress, and burnout among veterinary healthcare teams",10.2460/javma.22.05.0196,Scopus (supplementary search),Other or mixed healthcare workers,Live online sessions,Acceptance and commitment,psychological,CBI,Usual practice or no intervention,Human-supported or facilitated,143,full text,Copenhagen Burnout Inventory (CBI)
S102,R216,R216,1,2024,"Effect of tele-yoga on burnout, mental health and immune markers of health care workers on COVID-19 duty: An open-label parallel group pilot randomized controlled trial",10.1016/j.ctim.2024.103109,Scopus (supplementary search),Other or mixed healthcare workers,Live online sessions,Non-psychological mechanism,physical activity or health behaviour,PFI,Usual practice or no intervention,Human-supported or facilitated,90,abstract,
S103,R221,R221,1,2024,STOPTHEBURN: A Randomized Controlled Trial of Death Cafés for Burnout Prevention in Intensive Care Unit Employees,10.1513/annalsats.202312-1024oc,Scopus (supplementary search),Other or mixed healthcare workers,Live online sessions,Other psychological,psychological,MBI,Usual practice or no intervention,Human-supported or facilitated,251,abstract,
S104,R225,R225,1,2025,Smartwatch Use and Physician Well-Being A Randomized Clinical Trial,10.1001/jamanetworkopen.2025.27275,Scopus (supplementary search),Physicians and physician trainees,Wearable or motion-sensing platform,Non-psychological mechanism,feedback or navigation,MBI,Usual practice or no intervention,Self-guided or automated,184,full text,"Maslach Burnout Inventory (MBI), EE and depersonalization subscales"
S105,R230,R230,1,2008,Increasing oncologists' skills in eliciting and responding to emotional cues: Evaluation of a communication skills training program,10.1002/pon.1217,Scopus (supplementary search),Physicians and physician trainees,Blended (digital and in-person),Non-psychological mechanism,professional training,MBI,Usual practice or no intervention,Human-supported or facilitated,30,full text,Maslach Burnout Inventory (MBI)
S107,R234,R234,1,2024,Online training and financial incentives for teachers: Evidence from Bangladesh,10.1016/j.jebo.2024.106818,OpenAlex (supplementary search),Teachers and education staff,Web-based program,Non-psychological mechanism,professional training,OLBI,Usual practice or no intervention,Not reported,1598,full text,Oldenburg Burnout Inventory (16 items; disengagement and exhaustion subscales)
S108,R239,R239,1,2026,Comparing ambient scribes: a randomized crossover clinical trial addressing ambient scribe technologies' impact on physician burnout.,10.1093/jamia/ocag018,PubMed (MeSH) (supplementary search 3),Physicians and physician trainees,Ambient AI scribe,Non-psychological mechanism,workflow automation,CBI,Head-to-head digital variants,Self-guided or automated,160,abstract,
S109,R243,R243,1,2025,"Recruitment, retention and recouperation: lessons learned from a study aimed at assessing burnout mitigation in physician learners.",10.1186/s13104-025-07435-5,PubMed (MeSH) (supplementary search 3),Physicians and physician trainees,Live online sessions,Other psychological,psychological,MBI,Head-to-head digital variants,Human-supported or facilitated,58,abstract,
S110,R246,R246,1,2024,The Impact of Loving-Kindness Meditation on Job-Related Burnout of Nurses Working in Neonatal Intensive Care Unit: A Randomized Clinical Trial Study.,10.1097/HNP.0000000000000657,PubMed (MeSH) (supplementary search 3),Nurses,Web-based program,Mindfulness or meditation,psychological,MBI,Active or attention control,Self-guided or automated,66,abstract,
S111,R247,R247,1,2024,Impact of heartfulness meditation practice compared to the gratitude practices on wellbeing and work engagement among healthcare professionals: Randomized trial.,10.1371/journal.pone.0304093,PubMed (MeSH) (supplementary search 3),Other or mixed healthcare workers,Live online sessions,Mindfulness or meditation,psychological,ProQOL,Active or attention control,Human-supported or facilitated,83,abstract,
S112,R248,R248,1,2024,"Coaching Program to Address Burnout, Well-being, and Professional Development in Pediatric Surgery Trainees: A Randomized Controlled Trial.",10.1097/SLA.0000000000006257,PubMed (MeSH) (supplementary search 3),Physicians and physician trainees,Live online sessions,Coaching,psychological,NR,Active or attention control,Human-supported or facilitated,43,not determined,
S113,R251,R251,1,2023,Impact of a Virtual Professional Development Coaching Program on the Professional Fulfillment and Well-Being of Women Surgery Residents: A Randomized Controlled Trial.,10.1097/SLA.0000000000005562,PubMed (MeSH) (supplementary search 3),Physicians and physician trainees,Live online sessions,Coaching,psychological,NR,Active or attention control,Human-supported or facilitated,237,not determined,
S114,R262,R262,1,2025,Professional Coaching to Reduce Physician Burnout: A Randomized Clinical Trial.,10.1007/s11606-025-09653-w,Europe PMC (delivery-term search 1) (supplementary search 3),Physicians and physician trainees,Live online sessions,Coaching,psychological,MBI,Waitlist or delayed access,Human-supported or facilitated,79,abstract,
S115,R264,R264,1,2026,Leadership Coaching as an Implementation Strategy to Enhance Adoption of a Relational Playbook and Team Well-Being: A Pilot Randomized Clinical Trial In Cardiology,10.21203/rs.3.rs-9612173/v1,Europe PMC (delivery-term search 1) (supplementary search 3),Other or mixed healthcare workers,Live online sessions,Non-psychological mechanism,professional training,NR,Usual practice or no intervention,Human-supported or facilitated,,not determined,
S116,R265,R265,1,2024,Effect of a mindfulness-based cognitive behavior therapy intervention on occupational burnout among school teachers.,10.3389/fpsyt.2024.1496205,Europe PMC (delivery-term search 1) (supplementary search 3),Teachers and education staff,Live online sessions,Other psychological,psychological,MBI,Usual practice or no intervention,Not reported,218,abstract,
