sid,source_db,title,doi,year,publication_type,decision,exclusion_criterion,note
W001,Scopus,Worrying results on resignation intention for ICU physicians in China: a big data report from 34 provinces,10.26355/eurrev_202305_32285,2023,Article,excluded at screening,,no randomized allocation
W002,Scopus,Change is everything,10.1136/neurintsurg-2021-018514,2022,Editorial,excluded at screening,,non-article publication type
W003,Scopus,Collecting User Experience Data from Clinicians Without Increasing Burnout: Lessons Learned from the Department of Veterans Affairs,10.1177/10711813251371646,2025,Conference paper,excluded,REPORT,"Evidence synthesis and measurement strategy, not a trial"
W004,Scopus,Feasibility of a Cinematic-Virtual Reality Training Program for Health Professional Students: A Single-Arm Pre-Post Study,10.1177/19322968231171136,2023,Article,excluded at screening,,burnout not mentioned
W005,Scopus,Conducting a child injury prevention RCT in the wake of COVID-19: lessons learned for virtual human subjects research,10.3389/fdgth.2023.1198314,2023,Article,excluded at screening,,burnout not mentioned
W006,Scopus,The COVID-related mental health load of neonatal healthcare professionals: a multicenter study in Italy,10.1186/s13052-022-01305-7,2022,Article,excluded at screening,,no randomized allocation
W007,Scopus,"Prevalence of migraine menstrual, migraine and risk factors in women of reproductive age; a multi-centre study",10.1007/s13760-025-02893-x,2026,Article,excluded at screening,,burnout not mentioned
W008,Scopus,"A multisite feasibility randomized clinical trial of mindfulness-based resilience training for aggression, stress, and health in law enforcement officers",10.1186/s12906-024-04452-y,2024,Article,excluded,DIGITAL,In-person mindfulness training; burnout only in the background
W009,Scopus,Which individual and organizational factors shape nurses' attitudes toward family involvement in nursing care? A multicenter cross-sectional study,10.1016/j.ijnurstu.2026.105358,2026,Article,excluded at screening,,no randomized allocation
W010,Scopus,Job satisfaction among nephrology nurses: An Italian multicenter cross-sectional study,10.1016/j.apnr.2026.152082,2026,Article,excluded at screening,,no randomized allocation
W011,Scopus,Application of Telemedicine and Artificial Intelligence in Outpatient Cardiology Care: TeleAI-CVD Study (Design),10.3390/diagnostics16010145,2026,Article,excluded at screening,,burnout not mentioned
W012,Scopus,"Empowerment, Resilience, and Burnout Among Nurses With Recovered COVID-19: A Multicountry Study",10.1155/jonm/6861497,2025,Article,excluded at screening,,no randomized allocation
W013,Scopus,Status and influencing factors of emotional labour among Chinese psychiatric nurses: A cross-sectional study,10.1136/bmjopen-2024-089461,2025,Article,excluded at screening,,no randomized allocation
W014,Scopus,Euro-Burn I: Assessment of burnout syndrome in health workers in a mediterranean country during the SARS-CoV-2 pandemic,10.1177/00207640231174364,2023,Article,excluded at screening,,no randomized allocation
W015,Scopus,Thresholds,10.3399/bjgp21x717305,2021,Note,excluded at screening,,non-article publication type
W016,Scopus,Beyond the Manuscript: How Social Media Is Redefining the Modern Oncologist,,2026,Article,excluded at screening,,burnout not mentioned
W017,Scopus,"Burnout and post-traumatic stress disorder symptoms among medical staff two years after the COVID-19 pandemic in Wuhan, China: Social support and resilience as mediators",10.1016/j.jad.2022.10.027,2023,Article,excluded at screening,,no randomized allocation
W018,Scopus,"A pilot randomized controlled trial of distance laughter therapy for mothers’ level of depression, anxiety, and parental stress during the COVID-19 pandemic",10.1371/journal.pone.0288246,2023,Article,excluded,POP,"Mothers, not a working population"
W019,Scopus,Healthcare workers’ perspectives on a prescription phone program to meet the health equity needs of patients in the emergency department: a qualitative study,10.1007/s43678-024-00735-y,2024,Article,excluded at screening,,burnout not mentioned
W020,Scopus,Reducing Work-Related Screen-Time in Healthcare Workers During Leisure Time (REDUCE SCREEN) – A Randomized Controlled Trial,10.1007/s10916-026-02338-9,2026,Article,excluded at screening,,burnout not mentioned
W021,Scopus,Italian validation of the Measure of Moral Distress for Healthcare Professionals (MMD-HP): A multicenter cross-sectional study,10.1177/09697330251403135,2026,Article,excluded at screening,,no randomized allocation
W022,Scopus,Identifying the Influencing Factors of Depressive Symptoms among Nurses in China by Machine Learning: A Multicentre Cross-Sectional Study,10.1155/2023/5524561,2023,Article,excluded at screening,,no randomized allocation
W023,Scopus,Increased telestroke call burden after the extended thrombectomy window trials,10.1177/1357633x20982738,2023,Article,excluded at screening,,burnout not mentioned
W024,Scopus,Lessons Learned from the Usability Assessment of an EHR-Based Tool to Support Adherence to Antihypertensive Medications,10.1055/a-2576-1596,2025,Article,excluded at screening,,burnout not mentioned
W025,Scopus,Narrative medicine interventions for oncology clinicians: a systematic review,10.1007/s00520-024-08434-1,2024,Review,excluded at screening,,non-article publication type
W026,Scopus,It takes a village: A pilot study of a group telehealth intervention for support persons affected by opioid use disorder,10.1016/j.josat.2024.209290,2024,Article,excluded at screening,,burnout not mentioned
W027,Scopus,Virtual Reality Headsets for Work-Related Stress Among Midwives,10.1007/978-3-031-95334-7_6,2026,Conference paper,excluded at screening,,burnout not mentioned
W028,Scopus,Art therapy and emotional pain: a scoping review of physiological and biological measures,10.3389/fnhum.2026.1736930,2026,Review,excluded at screening,,non-article publication type
W029,Scopus,COVID-19 pandemic & neurosciences in India-the CoINstudy: Impact of the pandemic on research related to the neurosciences,10.25259/ijmr_30_23,2024,Article,excluded at screening,,burnout not mentioned
W030,Scopus,Serial-Multiple Mediation of Job Burnout and Fatigue in the Relationship Between Sickness Presenteeism and Productivity Loss in Nurses: A Multicenter Cross-Sectional Study,10.3389/fpubh.2021.812737,2022,Article,excluded at screening,,no randomized allocation
W031,Scopus,Work–family conflict and burnout in night-shift nurses with children: the mediating roles of recovery experience and fatigue,10.3389/fpubh.2026.1937541,2026,Article,excluded at screening,,no randomized allocation
W032,Scopus,"Ningmitai capsule in patients with chronic prostatitis/chronic pelvic pain syndrome: a multicenter, prospective, randomized, parallel, positive-controlled study",10.3389/fphar.2025.1667819,2025,Article,excluded at screening,,burnout not mentioned
W033,Scopus,Dealing with digital paralysis: Surviving a cyberattack in a National Cancer center,10.1016/j.jcpo.2023.100466,2024,Article,excluded at screening,,burnout not mentioned
W034,Scopus,"Mental health, learning behaviour and perceived fatigue among university students during the COVID-19 outbreak: a cross-sectional multicentric study in the UAE",10.1186/s40359-022-00758-z,2022,Article,excluded at screening,,no randomized allocation
W035,Scopus,The relationship between alarm fatigue and burnout among neonatal intensive care unit nurses: A multi-center cross-sectional study,10.1016/j.iccn.2026.104348,2026,Article,excluded at screening,,no randomized allocation
W036,Scopus,“He Just Wants Someone to Hear Him and Listen to Him”: Barriers and Facilitators to Autistic Youth with Anxiety Receiving Quality Mental Healthcare,10.1007/s10803-024-06574-1,2026,Article,excluded at screening,,burnout not mentioned
W037,Scopus,"Protocol paper: Multi-site, cluster-randomized clinical trial for optimizing functional outcomes of older cancer survivors after chemotherapy",10.1016/j.jgo.2022.03.001,2022,Article,excluded at screening,,protocol
W038,Scopus,The EvidenceNOW Practice Support Initiative: The Heart of Virginia Healthcare,10.3122/jabfm.2022.05.210021,2022,Article,excluded at screening,,burnout not mentioned
W039,Scopus,Digital Training Program for Line Managers (Managing Minds at Work): Protocol for a Feasibility Pilot Cluster Randomized Controlled Trial,10.2196/48758,2023,Article,excluded at screening,,protocol
W040,Scopus,Prevalence and influencing factors of suicidal ideation among doctors and nurses during the surge period of the COVID-19 pandemic in China: a multicenter cross-sectional study,10.1093/qjmed/hcae190,2025,Article,excluded at screening,,burnout not mentioned
W041,Scopus,"Job satisfaction and symptoms of depression, anxiety, stress, and burnout: A survey of Australian and New Zealand intensive care research coordinators",10.1016/j.aucc.2022.08.009,2023,Article,excluded at screening,,no randomized allocation
W042,Scopus,Factors associated with burnout among frontline nurses in the post-COVID-19 epidemic era: a multicenter cross-sectional study,10.1186/s12889-024-18223-4,2024,Article,excluded at screening,,no randomized allocation
W043,Scopus,Effectiveness of a Nature Sports Program on Burnout Among Nursing Students: A Clinical Trial,10.3390/healthcare13192510,2025,Article,excluded,POP,Nursing students
W044,Scopus,Biophysiological stress and sleep deprivation among abdominal transplant surgery fellows: A prospective multi-institutional study using a wearable device,10.1016/j.amjsurg.2022.11.004,2023,Article,excluded at screening,,no randomized allocation
W045,Scopus,The path mechanism of occupational burnout affecting the health of emergency nurses: a moderated mediation model of work–family behavior role conflict and the work environment,10.3389/fpubh.2026.1791032,2026,Article,excluded at screening,,no randomized allocation
W046,Scopus,Assessment of forensic medicine education impact on medical students’ knowledge and specialisation attitudes: a multicenter analysis from Italian universities,10.1007/s00414-024-03352-7,2025,Article,excluded at screening,,no randomized allocation
W047,Scopus,"Stay Home, Work Safe: Attitudes and Beliefs of Members of a Department of Palliative Care, Rehabilitation, and Integrative Medicine Regarding Remote Work during the COVID-19 Pandemic",10.1089/jpm.2021.0343,2022,Article,excluded at screening,,burnout not mentioned
W048,Scopus,Optimal placebo-treatment comparisons in trials with an incomplete within-subject design and heterogeneous costs and variances,10.1371/journal.pone.0283382,2023,Article,excluded at screening,,burnout not mentioned
W049,Scopus,"An acceptance and commitment training program reduces burden transfer, stress, and burnout among veterinary healthcare teams",10.2460/javma.22.05.0196,2022,Article,included,,ACT training by videoconference for veterinary hospital teams; work- and client-related burnout
W050,Scopus,Resident Perceptions of Virtual Reality Versus Dry Lab Simulation for Advanced Shoulder Arthroscopy Resident Training,10.1177/15533506231211474,2024,Article,excluded at screening,,burnout not mentioned
W051,Scopus,Correction: Effect of a novel online group-coaching program to reduce burnout in female resident physicians: a randomized clinical trial (JAMA Netw Open (2022) 5:5 (e2210752) DOI: 10.1001/jamanetworkopen.2022.10752),10.1001/jamanetworkopen.2022.20348,2022,Erratum,excluded at screening,,non-article publication type
W052,Scopus,"Effect of tele-yoga on burnout, mental health and immune markers of health care workers on COVID-19 duty: An open-label parallel group pilot randomized controlled trial",10.1016/j.ctim.2024.103109,2024,Article,included,,Tele-yoga for healthcare workers on COVID-19 duty; Stanford Professional Fulfillment Index
W053,Scopus,Decision fatigue and emotional exhaustion among anesthesiologists: Association with clinical workload,10.1007/s11845-026-04365-4,2026,Article,excluded at screening,,no randomized allocation
W054,Scopus,"The Impact of the COVID-19 Pandemic on the Experiences and Operations of Sponsors of the Summer Food Service Program in Maryland, USA: A Multiphase Mixed Methods Study",10.3390/nu15071628,2023,Article,excluded at screening,,no randomized allocation
W055,Scopus,"Association between burnout and PTSD, and perceived stress in the workplace among healthcare workers in the intensive care unit: a PsyCOVID-ICU substudy",10.1080/13548506.2025.2454038,2025,Article,excluded at screening,,no randomized allocation
W056,Scopus,The Effectiveness of Virtual Reality Intervention for COVID-19-Related Psychological Distress: A Systematic Review,10.30773/pi.2022.0337,2023,Article,excluded at screening,,review
W057,Scopus,Patient Perspectives on the Benefits and Challenges of Diabetes and Digital Technology,10.2337/cd23-0003,2024,Article,excluded at screening,,burnout not mentioned
W058,Scopus,Organizational Determinants to Hypertension Management: Adapting a Health Equity Framework to Examine Processes at Two Academic Health Systems,10.1007/s11606-024-09314-4,2025,Article,excluded at screening,,no randomized allocation
W059,Scopus,Effectiveness of Internet-Based Psychoeducation in Reducing Caregiver Burden in Dementia: A Clinical Trial,10.18502/ijps.v21i3.21861,2026,Article,excluded at screening,,burnout not mentioned
W060,Scopus,"Highlights from the 2022 Annual Meeting of the American Society of Clinical Oncology - Disparities in Clinical Trials, Mitigating Clinician Burnout, and Combination Treatments for Cancer",10.1001/jama.2022.9241,2022,Conference paper,excluded at screening,,no randomized allocation
W061,Scopus,Prevalence and influencing factors of occupational burnout among healthcare workers in the Chinese mainland during the late 2022 Omicron COVID-19 outbreak: a multicenter cross-sectional study,10.1186/s12889-024-20930-x,2025,Article,excluded at screening,,no randomized allocation
W062,Scopus,"Continuous heart rate variability monitoring-understanding patterns of stress and recovery and their relationship with self-reported burnout, resilience and well-being in doctors: A protocol for a sequential explanatory mixed-methods study",10.1136/bmjopen-2024-097849,2025,Article,excluded at screening,,protocol
W063,Scopus,Burnout and Depression Among UK-Based Healthcare Professionals: Insights From a 3-Year Prospective Cohort Study Regarding Potential Mitigation Strategies,10.1097/jom.0000000000003364,2025,Article,excluded at screening,,no randomized allocation
W064,Scopus,Artificial intelligence in nursing: an integrative review of clinical and operational impacts,10.3389/fdgth.2025.1552372,2025,Review,excluded at screening,,non-article publication type
W065,Scopus,"Erratum regarding missing declaration of competing interest statements in previously published articles (International Journal of Nursing Studies (2022) 131, (S0020748922000852), (10.1016/j.ijnurstu.2022.104256))",10.1016/j.ijnurstu.2025.105148,2025,Erratum,excluded at screening,,non-article publication type
W066,Scopus,Morally Injurious Experiences and Emotions of Health Care Professionals during the COVID-19 Pandemic before Vaccine Availability,10.1001/jamanetworkopen.2021.36150,2021,Article,excluded at screening,,no randomized allocation
W067,Scopus,"Burnout levels and care behaviours in intensive care nurses: A cross-sectional, multicentre study",10.1016/j.iccn.2022.103246,2022,Article,excluded at screening,,no randomized allocation
W068,Scopus,"Collaborative Quality Improvement Strategy in Secondary Prevention of Cardiovascular Disease in India: Findings from a Multi-Stakeholder, Qualitative Study using Consolidated Framework for Implementation Research (CFIR)",10.5334/gh.1161,2022,Article,excluded at screening,,no randomized allocation
W069,Scopus,Effects of virtual exposure to urban greenways on mental health,10.3389/fpsyt.2024.1256897,2024,Article,excluded at screening,,burnout not mentioned
W070,Scopus,"Head and Neck Cancer: United Kingdom National Multidisciplinary Guidelines, Sixth Edition",10.1017/s0022215123001615,2024,Review,excluded at screening,,non-article publication type
W071,Scopus,Factors Contributing to Burnout and Well-Being in Physical Therapist Students,10.1097/jte.0000000000000238,2022,Article,excluded,DESIGN,Cross-sectional study of physical therapy students
W072,Scopus,"Clinical supervision effectiveness in NHS nursing, medical and allied health professionals: Exploring interaction with workplace factors, supervision factors and burnout",10.1111/jep.14149,2025,Article,excluded at screening,,no randomized allocation
W073,Scopus,Nature-based virtual reality intervention to manage stress in family caregivers of allogeneic hematopoietic stem cell transplant recipients: a two-phase pilot study protocol,10.3389/fpsyt.2024.1295097,2024,Article,excluded at screening,,protocol
W074,Scopus,"Sense of control, selective attention, cognitive inhibition, and psychosocial outcomes after Retraining and Control Therapy (ReACT) in pediatric functional seizures",10.1016/j.yebeh.2023.109143,2023,Article,excluded at screening,,burnout not mentioned
W075,Scopus,Models for delivery and co-ordination of primary or secondary health care (or both) to older adults living in aged care facilities,10.1002/14651858.cd013880.pub2,2024,Review,excluded at screening,,non-article publication type
W076,Scopus,A scoping review on the use of virtual patients for enhancing empathy in medical students,10.1080/10872981.2025.2607825,2026,Review,excluded at screening,,non-article publication type
W077,Scopus,Burnout and intention to leave among care workers in residential care homes in Hong Kong: Technology acceptance as a moderator,10.1111/hsc.13294,2021,Article,excluded at screening,,no randomized allocation
W078,Scopus,"Effect of an Internet-Delivered Cognitive Behavioral Therapy-Based Sleep Improvement App for Shift Workers at High Risk of Sleep Disorder: Single-Arm, Nonrandomized Trial",10.2196/45834,2023,Article,excluded,DESIGN,Single-arm trial
W079,Scopus,Thank you to our reviewers of 2021,10.1016/s2352-3026(22)00007-2,2022,Note,excluded at screening,,non-article publication type
W080,Scopus,Effectiveness of AI-based interventions in workplace mental health: a systematic review and narrative synthesis,10.1093/bmb/ldag007,2026,Review,excluded at screening,,non-article publication type
W081,Scopus,Global emergency medicine: A scoping review of the literature from 2020,10.1111/acem.14356,2021,Article,excluded at screening,,review
W082,Scopus,Another New Beginning,10.6004/jnccn.2023.0003,2023,Note,excluded at screening,,non-article publication type
W083,Scopus,"Impact of burnout on turnover, medical errors, medical leave and a cross-sectional study of contributing factors among Chilean physicians",10.1136/bmjopen-2025-099773,2025,Article,excluded at screening,,no randomized allocation
W084,Scopus,Impacts of human and digital scribes on improving physician wellness and reducing administrative burden: a scoping review protocol,10.1136/bmjopen-2025-109860,2026,Article,excluded at screening,,review
W085,Scopus,App for independence: A feasibility randomized controlled trial of a digital health tool for schizophrenia spectrum disorders,10.1016/j.schres.2024.11.011,2025,Article,excluded at screening,,burnout not mentioned
W086,Scopus,Feasibility of RESTORE: An online Acceptance and Commitment Therapy intervention to improve palliative care staff wellbeing,10.1177/02692163221143817,2023,Article,excluded,DESIGN,Single-arm feasibility trial
W087,Scopus,AACR Report on the Impact of COVID-19 on Cancer Research and Patient Care,10.1158/1078-0432.ccr-22-0192,2022,Editorial,excluded at screening,,non-article publication type
W088,Scopus,Determination of digital biomarkers of disease progression for digital phenotyping of patients with arterial hypertension,10.1024/0301-1526/a001155,2024,Article,excluded at screening,,burnout not mentioned
W089,Scopus,"Training second-grade dyslexic students using a computerized program in Asyut, Egypt",10.1186/s41983-022-00480-y,2022,Article,excluded at screening,,burnout not mentioned
W090,Scopus,The 2024 National Nursing Workforce Survey,10.1016/s2155-8256(25)00047-x,2025,Article,excluded,DESIGN,National workforce survey
W091,Scopus,Consequences of the COVID-19 Pandemic on Nurses' Mental Health: A Multicentre Cross-Sectional Study in Northern France,10.1111/jpm.70146,2026,Article,excluded at screening,,no randomized allocation
W092,Scopus,"Death Self-efficacy, Attitudes Toward Death and Burnout among Oncology Nurses: A Multicenter Cross-sectional Study",10.1097/ncc.0000000000000839,2022,Article,excluded at screening,,no randomized allocation
W093,Scopus,"Financial Literacy and Wellbeing Among Medical Students, Residents, and Attending Physicians in Lebanon: Results From a Nationwide Multi-Centered Survey",10.1177/00469580241294135,2024,Article,excluded at screening,,no randomized allocation
W094,Scopus,"Daily adherence to nicotine replacement therapy in low-income smokers: The role of gender, negative mood, motivation, and self-efficacy",10.1016/j.addbeh.2022.107543,2023,Article,excluded at screening,,burnout not mentioned
W095,Scopus,"Randomised feasibility trial of a remotely delivered holistic UK employee programme combining tailored sleep hygiene, diet, and physical activity counselling for weight management: a mixed-methods evaluation",10.1017/jns.2026.10104,2026,Article,excluded at screening,,burnout not mentioned
W096,Scopus,Book of abstracts of the 6th CHRC Annual Summit,10.1159/000549484,2025,Note,excluded at screening,,non-article publication type
W097,Scopus,STOPTHEBURN: A Randomized Controlled Trial of Death Cafés for Burnout Prevention in Intensive Care Unit Employees,10.1513/annalsats.202312-1024oc,2024,Article,included,,Virtual death cafes for ICU clinicians; Maslach Burnout Inventory primary outcome
W098,Scopus,An Experimental Examination of Appearance-Related Safety Behaviors in a Clinical Sample of Women,10.1037/abn0000926,2024,Article,excluded at screening,,burnout not mentioned
W099,Scopus,"Development, piloting and evaluation of an app-supported psychosocial prevention intervention to strengthen participation in working life: A study protocol of a mixed-methods approach",10.1136/bmjopen-2023-081390,2024,Article,excluded at screening,,protocol
W100,Scopus,"The Effects of Motivational Messages Sent to Emergency Nurses During the COVID-19 Pandemic on Job Satisfaction, Compassion Fatigue, and Communication Skills: A Randomized Controlled Trial",10.1016/j.jen.2022.06.001,2022,Article,excluded at screening,,burnout not mentioned
W101,Scopus,Prevention of burnout syndrome in physicians: a systematic review and meta-analysis,10.1007/s00508-025-02601-y,2026,Review,excluded at screening,,non-article publication type
W102,Scopus,A multiple-baseline design evaluation of the feasibility of a brief RNT-focused ACT intervention in health professionals experiencing burnout,,2026,Article,excluded,DESIGN,Single-case design with three participants; no between-group comparison
W103,Scopus,Individual Health Management (IHM) for Stress—A Randomised Controlled Trial (TALENT II Study),10.3390/healthcare13233181,2025,Article,excluded at screening,,burnout not mentioned
W104,Scopus,Advances in Teleophthalmology Screening for Diabetic Retinopathy,10.1097/iio.0000000000000505,2024,Article,excluded at screening,,burnout not mentioned
W105,Scopus,The experiences of high-risk young adults with type 1 diabetes transitioning to real-time continuous glucose monitoring - A thematic analysis,10.1371/journal.pone.0320702,2025,Article,excluded at screening,,no randomized allocation
W106,Scopus,"Gender and race in neurotrauma: part 1-identifying inequalities in leadership, academics, and clinical trial management",10.3389/fneur.2024.1383713,2024,Article,excluded at screening,,burnout not mentioned
W107,Scopus,Prevalence and the associated factors of burnout among the critical healthcare professionals during the post-pandemic era: a multi-institutional survey in Taiwan with a systematic review of the Asian literatures,10.1186/s12889-024-21084-6,2024,Article,excluded at screening,,review
W108,Scopus,"Burnout among COVID-19 hospital-based contact tracers in Singapore: results of a mixed-method, cross-sectional multicentre study",10.4103/singaporemedj.smj-2021-458,2025,Article,excluded at screening,,no randomized allocation
W109,Scopus,Unravelling the link between alexithymia and psychological distress in nurses: a multi-hospital cross-sectional study exploring the mediating roles of workplace conflict and emotional exhaustion,10.1186/s12888-025-06742-2,2025,Article,excluded at screening,,burnout not mentioned
W110,Scopus,Telephone coaching for the prevention of depression in farmers: Results from a pragmatic randomized controlled trial,10.1177/1357633x221106027,2024,Article,excluded,DIGITAL,Voice telephone coaching
W111,Scopus,Implementation of hot debriefing in intensive care units through in-situ simulation: A controlled before-and-after study of its effect on healthcare providers’ burnout,10.1016/j.accpm.2025.101697,2026,Article,excluded,DESIGN,"Controlled before-and-after study, not randomized"
W112,Scopus,Smartwatch Use and Physician Well-Being A Randomized Clinical Trial,10.1001/jamanetworkopen.2025.27275,2025,Article,included,,Smartwatch with access to physiological data for physicians; burnout among outcomes
W113,Scopus,PRECIS-2 used as an implementation science tool for global environmental health: A cross-sectional evaluation of the Ecolectivos study protocol to reduce burning of household plastic waste in rural Guatemala,10.1371/journal.pone.0316161,2024,Article,excluded at screening,,protocol
W114,Scopus,Investigating Workplace Support and the Importance of Psychological Safety in General Surgery Residency Training,10.1016/j.jsurg.2023.12.010,2024,Article,excluded at screening,,no randomized allocation
W115,Scopus,Patients before paperwork: a feasibility study evaluating digital and human scribes in psychiatric clinical settings – a randomised controlled trial protocol,10.1136/bmjopen-2025-115741,2026,Article,excluded at screening,,protocol
W116,Scopus,Identifying Novel Inhibitors of Workplace Support and the Importance of Value Congruence and Feeling Valued in General Surgery Residency Training,10.1016/j.jsurg.2024.02.008,2024,Article,excluded at screening,,burnout not mentioned
W117,Scopus,Association of impostor phenomenon and burnout among Swiss residents and junior anaesthesiologists: results of a cross-sectional survey,10.1186/s12871-025-02957-8,2025,Article,excluded at screening,,no randomized allocation
W118,Scopus,Current controversies in medical cannabis: Recent developments in human clinical applications and potential therapeutics,10.1016/j.neuropharm.2021.108586,2021,Review,excluded at screening,,non-article publication type
W119,Scopus,Burnout among German oncologists: a cross-sectional study in cooperation with the Arbeitsgemeinschaft Internistische Onkologie Quality of Life Working Group,10.1007/s00432-022-03937-y,2023,Article,excluded at screening,,no randomized allocation
W120,Scopus,"Burnout symptoms, work motivation and their relationships among Italian ICU’s nurses after COVID-19 emergency. A multicenter study; [Sintomi di burnout, motivazione al lavoro e loro relazioni tra gli infermieri delle unità di terapia intensiva italiane dopo l’emergenza COVID-19. Uno studio multicentrico]",10.7416/ai.2023.2588,2024,Article,excluded at screening,,no randomized allocation
W121,Scopus,"The state of DEI in surgical oncology: Progress, gaps, and future directions",10.1016/j.cpsurg.2024.101697,2025,Article,excluded at screening,,burnout not mentioned
W122,Scopus,Resilience and its associated factors in optometry students from eight institutions across six countries,10.1080/08164622.2025.2454532,2025,Article,excluded at screening,,no randomized allocation
W123,Scopus,The effect of mindfulness interventions on stress in medical students: A systematic review and meta-analysis,10.1371/journal.pone.0286387,2023,Article,excluded at screening,,review
W124,Scopus,Risk Factors for Suicide Attempts and Psychiatric Hospitalization Among Brazilian Health Care Professionals,10.4088/jcp.25m15858,2026,Article,excluded at screening,,no randomized allocation
W125,Scopus,AI-driven intelligent training enhances clinical competence in oncology residency: a randomized controlled trial,10.3389/fmed.2026.1768388,2026,Article,excluded at screening,,burnout not mentioned
W126,Scopus,Effect of Relaxation-Based Virtual Reality on Psychological and Physiological Stress of Substance Abusers Under Detoxification: A Randomized Controlled Trial,10.1002/brb3.70084,2024,Article,excluded at screening,,burnout not mentioned
W127,Scopus,The relationship between a growth mindset and the learning engagement of nursing students: A structural equation modeling approach,10.1016/j.nepr.2023.103796,2023,Article,excluded at screening,,no randomized allocation
W128,Scopus,Barriers and enablers to diabetic retinopathy screening: a cross-sectional survey of young adults with type 1 and type 2 diabetes in the UK,10.1136/bmjdrc-2022-002971,2022,Article,excluded at screening,,burnout not mentioned
W129,Scopus,Impact of the coronavirus disease-2019 pandemic on Veterans Health Administration Sleep Services,10.1177/20503121231169388,2023,Article,excluded at screening,,no randomized allocation
W130,Scopus,Causal mediation analysis of contact with COVID-19 patients and burnout syndrome in physiotherapists in Japan: secondary analysis of a multicentre observational study; [Análisis de mediación causal del contacto con pacientes con COVID-19 y síndrome de burnout en fisioterapeutas de Japón: análisis secundario de un estudio observacional multicéntrico],10.1080/20008066.2026.2692771,2026,Article,excluded at screening,,no randomized allocation
W131,Scopus,"Families in the Intensive Care Unit: A Guide to Understanding, Engaging, and Supporting at the Bedside: Second Edition",10.1007/978-3-031-83786-9,2025,Book,excluded at screening,,non-article publication type
W132,Scopus,A qualitative exploration of stressors in anaesthesia training in the UK and mechanisms to improve resident wellbeing,10.1111/anae.16575,2025,Article,excluded at screening,,no randomized allocation
W133,Scopus,Report from the Ready for the Next Round Thought-Leadership Roundtables on Building Resilience in Cancer Care and Control in Canada-Colorectal Cancer Canada; 2021,10.3390/curroncol29030143,2022,Article,excluded at screening,,burnout not mentioned
W134,Scopus,Burnout-related symptoms among Italian ICU's staff during the COVID-19 emergency. A multicentric survey study; [Sintomi Burnout-correlati tra il personale sanitario italiano di Terapia Intensiva durante l’emergenza COVID-19. Indagine conoscitiva multicentrica],10.7429/pi.2021.74166,2021,Article,excluded at screening,,no randomized allocation
W135,Scopus,The effect of 3D stereopsis and hand-tool alignment on learning effectiveness and skill transfer of a VR-based simulator for dental training,10.1371/journal.pone.0291389,2023,Article,excluded at screening,,burnout not mentioned
W136,Scopus,COVID-19 and Allergic Diseases: Lessons Learned and Future Priorities,10.1016/j.jaip.2023.08.035,2023,Editorial,excluded at screening,,non-article publication type
W137,Scopus,Adapting to change: exploring perceptions and demands of the coronavirus (COVID-19) workforce changes - an Australian multi-institutional radiation oncology survey,10.1071/ah23183,2024,Article,excluded at screening,,no randomized allocation
W138,Scopus,Protocol for a personalized (N-of-1) trial for testing the effects of a mind–body intervention on sleep duration in middle-aged women working in health care,10.1016/j.conctc.2024.101364,2024,Article,excluded at screening,,protocol
W139,Scopus,"4th International Conference on Artificial Intelligence for Mental Health, ICAIMH 2026",,2026,Conference review,excluded at screening,,non-article publication type
W140,Scopus,"Effects of Blended and Lecture Teaching Methods on Students’ Academic Performance in Research Methodology in Two Basic Schools of Nursing in Enugu State, South East Nigeria",10.4314/ajbr.v27i2.10,2024,Article,excluded at screening,,burnout not mentioned
W141,Scopus,Measuring functional outcomes in schizophrenia in an increasingly digital world,10.1016/j.scog.2022.100248,2022,Review,excluded at screening,,non-article publication type
W142,Scopus,"A scoping review of social media in child, adolescents and young adults: research findings in depression, anxiety and other clinical challenges",10.1192/bjo.2023.523,2023,Review,excluded at screening,,non-article publication type
W143,Scopus,Caring for nursing students is caring for patients: A multicentre cross-sectional study on the relationship between nursing students' caring and the perception of instructors' caring,10.1016/j.nedt.2024.106154,2024,Article,excluded at screening,,no randomized allocation
W144,Scopus,Delivering integrated strategies from a mobile unit to address the intertwining epidemics of HIV and addiction in people who inject drugs: the HPTN 094 randomized controlled trial protocol (the INTEGRA Study),10.1186/s13063-023-07899-5,2024,Article,excluded at screening,,protocol
W145,Scopus,Self-reported anxiety in postgraduate students of oral pathology and oral medicine in Brazil: impacts and challenges for academic well-being,10.1016/j.oooo.2025.10.006,2026,Article,excluded at screening,,no randomized allocation
W146,Scopus,Physician stress in the era of COVID-19 vaccine disparity: A multi-institutional survey,10.1515/jom-2022-0194,2023,Article,excluded at screening,,no randomized allocation
W147,Scopus,Surgical Ergonomics and Musculoskeletal Pain in Orthopaedic Surgery Residents: A Multicenter Survey Study,10.5435/jaaosglobal-d-20-00119,2021,Article,excluded at screening,,no randomized allocation
W148,Scopus,Prospective study of emergency medicine provider wellness across ten academic and community hospitals during the initial surge of the COVID-19 pandemic,10.1186/s12873-021-00425-3,2021,Article,excluded at screening,,no randomized allocation
W149,Scopus,Ethical challenges in contemporary psychiatry: an overview and an appraisal of possible strategies and research needs,10.1002/wps.21230,2024,Article,excluded at screening,,burnout not mentioned
W150,Scopus,"Associations Among Social Jet Lag, Sleep-Related Characteristics, and Burnout of Nurses in Tertiary Hospitals",10.1097/hnp.0000000000000637,2024,Article,excluded at screening,,no randomized allocation
W151,Scopus,Stressors faced by healthcare professionals and coping strategies during the early stage of the COVID-19 pandemic in Germany,10.1371/journal.pone.0261502,2022,Article,excluded at screening,,burnout not mentioned
W152,Scopus,Moral Distress in Healthcare Providers Who Take Care of Critical Pediatric Patients throughout Italy—Cultural Adaptation and Validation of the Italian Pediatric Instrument,10.3390/ijerph19073880,2022,Article,excluded at screening,,no randomized allocation
W153,Scopus,Sick leave and occupational burnout among nurses caring for patients with multiple sclerosis,10.1016/j.msard.2022.103916,2022,Article,excluded at screening,,no randomized allocation
W154,Scopus,A Multicenter Study Investigating the Surgeon Experience with a Robotic-Assisted Exoscope as Part of the Neurosurgical Armamentarium,10.1016/j.wneu.2023.02.094,2023,Article,excluded at screening,,burnout not mentioned
W155,Scopus,Cancer treatment shared decision-making and coping during the COVID-19 pandemic (CAN-DECIDE): a mixed-methods study,10.1186/s12904-025-01944-7,2025,Article,excluded at screening,,burnout not mentioned
W156,Scopus,Economic evaluation of remote monitoring for implantable cardiac devices: Evidence from a remote-care study,10.2147/ceor.s478089,2024,Article,excluded,POP,Patients with cardiac devices; economic evaluation
W157,Scopus,Emotional labor is associated with the mental health of respiratory therapists in hospitals,10.4187/respcare.07675,2021,Article,excluded at screening,,burnout not mentioned
W158,Scopus,Compassion Fatigue and Compassion Satisfaction among Multisite Multisystem Nurses,10.1097/naq.0000000000000370,2019,Article,excluded at screening,,no randomized allocation
W159,Scopus,"Abbreviated mindfulness intervention for job satisfaction, quality of life, and compassion in primary care clinicians: A pilot study",10.1370/afm.1511,2013,Article,excluded at screening,,no randomized allocation
W160,Scopus,Multiple-institution comparison of resident and faculty perceptions of burnout and depression during surgical training,10.1001/jamasurg.2018.0974,2018,Article,excluded at screening,,no randomized allocation
W161,Scopus,Summary of the 45th annual meeting on women's cancers,10.1016/j.ygyno.2014.04.041,2014,Conference paper,excluded at screening,,burnout not mentioned
W162,Scopus,A Multicenter Investigation of Caring Behaviors and Burnout among Oncology Nurses in China,10.1097/ncc.0000000000000680,2020,Article,excluded at screening,,no randomized allocation
W163,Scopus,Relationship between job burnout and somatic diseases: a network analysis,10.1038/s41598-020-75611-7,2020,Article,excluded at screening,,no randomized allocation
W164,Scopus,Burnout Among Iowa Hospice Workers: A Test of the Job Demands-Resources Model,10.1080/15524256.2017.1385567,2017,Article,excluded at screening,,no randomized allocation
W165,Scopus,Protocol for a phase III wait-listed cluster randomised controlled trial of an intervention for mental well-being through enhancing mental health literacy and improving work friendliness in Hong Kong,10.1186/s13063-019-3748-y,2019,Article,excluded at screening,,protocol
W166,Scopus,"Screening for psychosocial distress among patients with cancer: Implications for clinical practice, healthcare policy, and dissemination to enhance cancer survivorship",10.1093/tbm/iby123,2019,Article,excluded at screening,,burnout not mentioned
W167,Scopus,A mixed-methods study of provider perspectives on My Birth Control: a contraceptive decision support tool designed to facilitate shared decision making,10.1016/j.contraception.2019.08.001,2019,Article,excluded,POP,Patients and providers evaluating a decision tool; not a burnout trial
W168,Scopus,Burnout among All Groups of Physicians-Mitigation Strategies for Dermatologists,10.1001/jamadermatol.2020.2155,2020,Note,excluded at screening,,non-article publication type
W169,Scopus,Burnout in psychological crisis intervenor and the interventions,,2005,Review,excluded at screening,,non-article publication type
W170,Scopus,Effectiveness of metoprolol in improving cardiac and motor functions in patients with chronic heart failure: A prospective study,10.2147/dddt.s263026,2020,Article,excluded at screening,,no randomized allocation
W171,Scopus,Virtual Reality Single-Port Sleeve Gastrectomy Training Decreases Physical and Mental Workload in Novice Surgeons: An Exploratory Study,10.1007/s11695-018-03680-9,2019,Article,excluded at screening,,burnout not mentioned
W172,Scopus,Does clinical incident seriousness and receipt of work-based support influence mood experienced by nurses at work? A behavioural diary study,10.1016/j.ijnurstu.2012.02.014,2012,Article,excluded at screening,,burnout not mentioned
W173,Scopus,"Health outcomes of the July 14, 2016 Nice terror attack among hospital-based professionals and students: The « ECHOS de Nice » health survey protocol",10.1186/s12889-019-7489-3,2019,Article,excluded at screening,,protocol
W174,Scopus,For whom are internet-based occupational mental health interventions effective? Moderators of internet-based problem-solving training outcome,10.1016/j.invent.2014.11.007,2015,Article,excluded at screening,,burnout not mentioned
W175,Scopus,A systematic review protocol examining workplace interventions that aim to improve employee health and wellbeing in male-dominated industries,10.1186/s13643-019-1260-9,2020,Review,excluded at screening,,non-article publication type
W176,Scopus,Covid-19 special issue editorial,10.36076/ppj.2020/23/s149,2020,Editorial,excluded at screening,,non-article publication type
W177,Scopus,The Prevalence of Faculty Physician Burnout in Military Graduate Medical Education Training Programs: A Cross-Sectional Study of Academic Physicians in the United States Department of Defense,10.1093/milmed/usz055,2019,Conference paper,excluded at screening,,no randomized allocation
W178,Scopus,Lost to the NHS: A mixed methods study of why GPS leave practice early in England,10.3399/bjgp16x683425,2016,Article,excluded at screening,,no randomized allocation
W179,Scopus,Self-help stress management training through mobile phones: an experience with oncology nurses.,10.1037/a0026459,2013,Article,excluded at screening,,burnout not mentioned
W180,Scopus,Is there a risk profile for the vulnerable junior doctor?,10.1007/s11845-015-1316-3,2016,Article,excluded at screening,,burnout not mentioned
W181,Scopus,"Burnout syndrome among psychiatric trainees in 22 countries: Risk increased by long working hours, lack of supervision, and psychiatry not being first career choice",10.1016/j.eurpsy.2015.10.007,2016,Article,excluded at screening,,no randomized allocation
W182,Scopus,BREATHE: A pilot study of a one-day retreat to reduce burnout among mental health professionals,10.1176/ps.62.2.pss6202_0214,2011,Article,excluded at screening,,no randomized allocation
W183,Scopus,Sleep deprivation in cardiology: A multidisciplinary survey,,2019,Article,excluded at screening,,no randomized allocation
W184,Scopus,Measuring resident hours by tracking interactions with the computerized record,10.1016/j.amjmed.2009.10.009,2010,Review,excluded at screening,,non-article publication type
W185,Scopus,Qigong reduces stress in computer operators,10.1016/j.ctcp.2006.09.003,2007,Article,excluded at screening,,burnout not mentioned
W186,Scopus,Influence of thrombectomy volume on non-physician staff burnout and attrition in neurointerventional teams,10.1136/neurintsurg-2020-015825,2020,Article,excluded at screening,,no randomized allocation
W187,Scopus,A multimodal stress-prevention program supplemented by telephone-coaching sessions to reduce perceived stress among german farmers: Results from a randomized controlled trial,10.3390/ijerph17249227,2020,Article,excluded,DIGITAL,In-person 12-day programme with telephone coaching
W188,Scopus,Stroke Mimics and Accuracy of Referrals Made by Emergency Department Doctors in Japan for Patients with Suspected Stroke,10.1016/j.jstrokecerebrovasdis.2018.12.032,2019,Article,excluded at screening,,burnout not mentioned
W189,Scopus,Association of working conditions including digital technology use and systemic inflammation among employees: Study protocol for a systematic review,10.1186/s13643-020-01463-x,2020,Article,excluded at screening,,review
W190,Scopus,"COVID-19 Pandemic and the Lived Experience of Surgical Residents, Fellows, and Early-Career Surgeons in the American College of Surgeons",10.1016/j.jamcollsurg.2020.09.026,2021,Article,excluded at screening,,no randomized allocation
W191,Scopus,The use of virtual reality for Peri-procedural pain and anxiety at an outpatient spine clinic injection visit: An exploratory controlled randomized trial,,2020,Article,excluded at screening,,burnout not mentioned
W192,Scopus,Hashtag burnout? A control experiment investigating how political hashtags shape reactions to news content,10.1145/3359299,2019,Article,excluded,POP,General-public experiment on news reactions
W193,Scopus,Group Differences Among Caregivers of Civilians and Service Members or Veterans With Traumatic Brain Injury,10.1016/j.apmr.2018.11.009,2019,Article,excluded at screening,,burnout not mentioned
W194,Scopus,Psychological impact of working in paediatric intensive care. A UK-wide prevalence study,10.1136/archdischild-2019-317439,2020,Article,excluded at screening,,no randomized allocation
W195,Scopus,Grit and burnout in UK doctors: A cross-sectional study across specialties and stages of training,10.1136/postgradmedj-2015-133919,2017,Article,excluded at screening,,no randomized allocation
W196,Scopus,In their own words: stressors facing medical students in the millennial generation,10.1080/10872981.2018.1530558,2018,Article,excluded at screening,,no randomized allocation
W197,Scopus,Burnout syndrome among Italian nursing staff during the COVID 19 emergency. Multicentric survey study; [Sindrome di Burnout tra il personale infermieristico italiano durante l'emergenza COVID 19. Indagine conoscitiva multicentrica],10.7429/pi.2020.734250,2020,Article,excluded at screening,,no randomized allocation
W198,Scopus,"Palliative Care for Cancer Patients During the COVID-19 Pandemic, With Special Focus on Lung Cancer",10.3389/fonc.2020.01405,2020,Note,excluded at screening,,non-article publication type
W199,Scopus,Pediatric liver transplant teams coping with patient death,10.1097/mpg.0000000000001991,2018,Article,excluded at screening,,burnout not mentioned
W200,Scopus,Formative evaluation of antiretroviral therapy scale-up efficiency in sub-Saharan Africa,10.1089/apc.2007.0008,2007,Article,excluded at screening,,no randomized allocation
W201,Scopus,Telestroke strategies to enhance acute stroke management in rural settings: A systematic review and meta-analysis,10.1002/brb3.1787,2020,Review,excluded at screening,,non-article publication type
W202,Scopus,Brief Video-Module Administered Mindfulness Program for Physicians: A Pilot Study,10.1016/j.explore.2015.10.005,2016,Article,excluded at screening,,burnout not mentioned
W203,Scopus,The effect of a one-time 15-minute guided meditation (isha kriya) on stress and mood disturbances among operating room professionals: A prospective interventional pilot study.,10.12688/f1000research.18446.1,2019,Article,excluded at screening,,no randomized allocation
W204,Scopus,Increasing oncologists' skills in eliciting and responding to emotional cues: Evaluation of a communication skills training program,10.1002/pon.1217,2008,Article,included,,Communication-skills training with monthly videoconferences for oncologists; stress and burnout questionnaires
W205,Scopus,Elements of team-based care in a patient-centered medical home are associated with lower burnout among VA primary care employees,10.1007/s11606-013-2702-z,2014,Article,excluded at screening,,no randomized allocation
W206,Scopus,Medical Students’ Exposure to the Humanities Correlates with Positive Personal Qualities and Reduced Burnout: A Multi-Institutional U.S. Survey,10.1007/s11606-017-4275-8,2018,Article,excluded at screening,,no randomized allocation
W207,Scopus,Psychooncology - The state of its development in 2006,10.4321/s0213-61632006000300006,2006,Review,excluded at screening,,non-article publication type
W208,Scopus,Social Belonging as a Predictor of Surgical Resident Well-being and Attrition,10.1016/j.jsurg.2018.08.022,2019,Article,excluded at screening,,no randomized allocation
W209,Scopus,Authentic Connections Groups: A Pilot Test of an Intervention Aimed at Enhancing Resilience Among Nurse Leader Mothers,10.1111/wvn.12420,2020,Article,excluded,DIGITAL,Group sessions; digital delivery not stated
W210,Scopus,"Safety, tolerability and sustained weight loss over 2 years with the once-daily human GLP-1 analog, liraglutide",10.1038/ijo.2011.158,2012,Article,excluded at screening,,burnout not mentioned
W211,Scopus,"Intake of Lactiplantibacillus plantarum HEAL9 reduces the inflammatory markers soluble fractalkine and CD163 during acute stress: A randomized, double blind, placebo-controlled study",10.1016/j.physbeh.2020.113083,2020,Article,excluded at screening,,burnout not mentioned
W212,Scopus,The role of clinical psychology in rural mental health services: Defining problems and developing solutions,10.1111/j.1468-2850.2007.00089.x,2007,Review,excluded at screening,,non-article publication type
W213,Scopus,Are parents at a higher risk for secondary traumatic stress?: How interviewing child victims impacts relationships with forensic interviewer's friends and family,10.1016/j.chiabu.2018.11.017,2019,Article,excluded at screening,,no randomized allocation
W214,Scopus,COVID-19: Causes of anxiety and wellbeing support needs of healthcare professionals in the UK: A cross-sectional survey,10.7861/clinmed.2020-0502,2021,Article,excluded at screening,,burnout not mentioned
W215,Scopus,"Fulfillment, burnout and resilience in emergency medicine-Correlations and effects on patient and provider outcomes",10.1371/journal.pone.0240934,2020,Article,excluded at screening,,no randomized allocation
W216,Web of Science,Experience of Stress Assessed by Text Messages and Its Association with Objective Workload-A Longitudinal Study,10.3390/ijerph17030680,2020,Article,excluded at screening,,burnout not mentioned
W217,Web of Science,The development of effective behaviour change interventions to support the use of malaria rapid diagnostic tests by Tanzanian clinicians,10.1186/1748-5908-9-83,2014,Article,excluded at screening,,burnout not mentioned
W218,Web of Science,Evaluating the impact of virtual reality on reducing restrictive practices in psychiatric wards,10.5498/wjp.v15.i2.101287,2025,Letter,excluded at screening,,non-article publication type
W219,Web of Science,Effect of Virtual Reality and Jacobson's Progressive Muscle Relaxation on Occupational Fatigue in Intensive Care Unit Nurses: A Factorial Randomized Controlled Trial,10.1177/08943184261419616,2026,Article; Early Access,excluded at screening,,burnout not mentioned
W220,Web of Science,Evaluation of Internet-Based Training in Trauma Care for Nurses in Mental Health Welfare Centers: A Cluster Randomized Controlled Trial,10.1177/21501319231181982,2023,Article,excluded at screening,,burnout not mentioned
W221,Web of Science,BURNOUT REDUCTION AND ENGAGEMENT APP-BASED TRIAL OF HEADSPACE (BREATHE): A RANDOMIZED CLINICAL TRIAL,,2023,Meeting Abstract,excluded at screening,,no abstract
W222,Web of Science,A NOVEL ONLINE PHYSICIAN GROUP-COACHING PROGRAM TO REDUCE BURNOUT IN FEMALE TRAINEES: A RANDOMIZED CONTROLLED TRIAL,,2022,Meeting Abstract,excluded at screening,,no abstract
W223,Web of Science,Effects of a Smartphone-Based Positive Reflection Diary on Work Engagement Among Japanese Workers: Randomized Controlled Trial,10.2196/55664,2025,Article,excluded at screening,,burnout not mentioned
W224,Web of Science,A Pilot Feasibility Study of Digital Health Coaching for Men With Prostate Cancer,10.1200/op.21.00712,2022,Article,excluded at screening,,burnout not mentioned
W225,Web of Science,German mHealth App Usability Questionnaire (G-MAUQ) and short version (G-MAUQ-S): Translation and validation study,10.1016/j.smhl.2024.100517,2024,Article,excluded at screening,,burnout not mentioned
W226,Web of Science,Work-related factors predict changes in physical activity among nurses participating in a web-based worksite intervention: A randomized controlled trial,10.1186/s12912-021-00739-4,2021,Article,excluded at screening,,burnout not mentioned
W227,Web of Science,"Regulating effect of virtual reality restorative environment on prefrontal cortex dysfunction after night shifts in medical staff: an fNIRS study protocol for a randomized controlled trial in Dalian, China",10.1186/s13063-023-07227-x,2023,Article,excluded at screening,,protocol
W228,Web of Science,"Efficacy of COMPAs, an App Designed to Support Communication Between Persons Living With Dementia in Long-Term Care Settings and Their Caregivers: Mixed Methods Implementation Study",10.2196/47565,2024,Article,excluded at screening,,no randomized allocation
W229,Web of Science,The use of virtual reality to reduce stress among night-shift anesthesiologists: study protocol for a crossover trial,10.1186/s13063-021-05222-8,2021,Article,excluded at screening,,protocol
W230,Web of Science,Motivation Predicts Change in Nurses' Physical Activity Levels During a Web-Based Worksite Intervention: Results From a Randomized Trial,10.2196/11543,2020,Article,excluded at screening,,burnout not mentioned
W231,Web of Science,sEMG Biofeedback for Episodic Migraines: A Pilot Randomized Clinical Trial,10.1007/s10484-023-09615-0,2024,Article,excluded at screening,,burnout not mentioned
W232,Web of Science,Mixed methods feasibility study of Music Attuned Technology Care via eHealth (MATCH) for people with complex behavioral and psychological symptoms of dementia within an acute psychogeriatric ward,10.1002/alz.70124,2025,Article,excluded at screening,,burnout not mentioned
W233,Web of Science,Recovery at your fingertips: pilot study of an mHealth intervention for work-related stress among nursing students,10.1186/s44247-024-00120-w,2024,Article,excluded at screening,,burnout not mentioned
W234,Web of Science,Empathy training via Kalamazoo Consensus in remote and in-person medical communication: A randomized controlled trial,10.1016/j.pecinn.2025.100399,2025,Article,excluded at screening,,burnout not mentioned
W235,Web of Science,Effect of using virtual reality on fatigue and mental workload as key determinants of perceived stress in neonatal intensive care staff: A randomized controlled trial feasibility study and protocol,10.1111/nicc.13249,2025,Article,excluded at screening,,protocol
W236,Web of Science,"Examining Care Planning Efficiency and Clinical Decision Support Adoption in a System Tailoring to Nurses' Graph Literacy: National, Web-Based Randomized Controlled Trial",10.2196/45043,2023,Article,excluded at screening,,burnout not mentioned
W237,Web of Science,Class size affects preservice teachers' physiological and psychological stress reactions: An experiment in a virtual reality classroom,10.1016/j.compedu.2022.104503,2022,Article,excluded at screening,,burnout not mentioned
W238,Web of Science,Fostering study crafting to increase engagement and reduce exhaustion among higher education students: A randomized controlled trial of the STUDYCoach online intervention,10.1111/aphw.12410,2023,Article,excluded at screening,,burnout not mentioned
W239,Web of Science,Passive sensing data predicts stress in university students: a supervised machine learning method for digital phenotyping,10.3389/fpsyt.2024.1422027,2024,Article,excluded at screening,,burnout not mentioned
W240,Web of Science,Use of Virtual Reality in the Education of Orthopaedic Procedures: A Randomised Control Study in Early Validation of a Novel Virtual Reality Simulator,10.7759/cureus.45943,2023,Article,excluded at screening,,burnout not mentioned
W241,Web of Science,Artificial Intelligence Applications in Rehabilitation Services,10.26650/acin.1068576,2022,Article,excluded at screening,,no randomized allocation
W242,Web of Science,When a pandemic and epidemic collide: Lessons learned about how system barriers can interrupt implementation of addiction research,10.1177/26334895231205890,2023,Article,excluded,REPORT,"Lessons-learned report, not a trial"
W243,Web of Science,Recent Traumatic Episode Protocol EMDR Applied Online for COVID-19-Related Symptoms of Turkish Health Care Workers Diagnosed with COVID-19-Related PTSD: A Pilot Study,10.5152/alphapsychiatry.2022.21763,2022,Article,excluded at screening,,protocol
W244,Web of Science,The impact of social network-based nursing care training on oncology nurses' occupational stress and self-efficacy: Non-randomized clinical trial,10.18502/npt.v8i1.4494,2021,Article,excluded at screening,,burnout not mentioned
W245,Web of Science,"Clinical empathy, barriers to compassion and flourishing in physicians: Differences between professional subgroups and association pathways",10.14195/1647-8606_67_4,2024,Article,excluded at screening,,burnout not mentioned
W246,Web of Science,Applying A/B Testing to Clinical Decision Support: Rapid Randomized Controlled Trials,10.2196/16651,2021,Article,excluded,BURNOUT,A/B testing of clinical decision-support alerts; outcomes are alert metrics
W247,Web of Science,Addressing Mental Health Symptoms Among COVID-19 Healthcare Workers: A Heart Rate Variability Biofeedback Pilot Study,10.1002/smi.3502,2024,Article,excluded at screening,,burnout not mentioned
W248,Web of Science,Design of the healthcare worker exposure response and outcomes (HERO) research platform,10.1016/j.cct.2021.106525,2021,Article,excluded at screening,,burnout not mentioned
W249,Web of Science,Is production pressure jeopardizing the quality of colonoscopy? A survey of U.S. endoscopists' practices and perceptions,10.1016/j.gie.2011.10.032,2012,Article,excluded at screening,,burnout not mentioned
W250,Web of Science,HRVEST: a novel data solution for using wearable smart technology to measure physiologic stress variables during a randomized clinical trial,10.3389/fcomp.2024.1343139,2024,Article,excluded at screening,,burnout not mentioned
W251,Web of Science,A Technology-Assisted Telephone Intervention for Work-Related Stress Management: Pilot Randomized Controlled Trial,10.2196/26569,2022,Article,excluded at screening,,burnout not mentioned
W252,Web of Science,Shared Decisions: A Qualitative Study on Clinician and Patient Perspectives on Statin Therapy and Statin-Associated Side Effects,10.1161/jaha.120.017915,2020,Article,excluded at screening,,burnout not mentioned
W253,Web of Science,Mental Practice: Effective Stress Management Training for Novice Surgeons,10.1016/j.jamcollsurg.2010.09.025,2011,Article,excluded at screening,,burnout not mentioned
W254,Web of Science,Gamified Health Promotion in Schools: The Integration of Neuropsychological Aspects and CBT-A Systematic Review,10.3390/medicina60122085,2024,Review,excluded at screening,,non-article publication type
W255,Web of Science,Integrative Medicine in Residency: Assessing Curricular Needs in Eight Programs,,2009,Article,excluded at screening,,burnout not mentioned
W256,Web of Science,Psychological distress and turnover intention among Chinese nurses: a moderated mediation model of job satisfaction and social support,10.1186/s12912-025-03445-7,2025,Article,excluded at screening,,burnout not mentioned
W257,Web of Science,Artificial Intelligence Documentation Tools in Surgery: A Systematic Review,10.36922/sti.0457,2026,Review,excluded at screening,,non-article publication type
W258,Web of Science,The association between nurse managers' work environment characteristics and psychological resilience: the mediating role of perceived VUCA environment,10.1186/s12912-025-04062-0,2025,Article,excluded at screening,,burnout not mentioned
W259,Web of Science,"Sex-dependent changes in physical, mental, and quality of life outcomes in metoprolol-treated Chinese chronic heart failure patients",10.1097/md.0000000000018331,2019,Article,excluded at screening,,no randomized allocation
W260,Web of Science,LIVES for families psychological first aid training programme to address COVID-19 psychological distress: a mixed methods acceptability and feasibility protocol,10.1136/bmjopen-2021-049995,2021,Article,excluded at screening,,protocol
W261,Web of Science,Workplace violence and turnover intention among Chinese nurses: the mediating role of compassion fatigue and the moderating role of psychological resilience,10.1186/s12889-024-19964-y,2024,Article,excluded at screening,,burnout not mentioned
W262,Web of Science,"Improving the Care of Severe, Open Fractures and PostoperativeInfections of the Lower Extremities:Protocol for an InterdisciplinaryTreatment Approach",10.2196/57820,2024,Article,excluded at screening,,protocol
W263,Web of Science,How the COVID-19 pandemic will change the future of critical care,10.1007/s00134-021-06352-y,2021,Review,excluded at screening,,non-article publication type
W264,Web of Science,Surgeons' physiological parameters and surgical performance: a systematic scoping review,10.1186/s13037-025-00445-z,2025,Review,excluded at screening,,non-article publication type
W265,Web of Science,Addressing Hypertension Disparities via Systems Dynamics: Insights From Community Health Connections,10.7759/cureus.68763,2024,Article,excluded at screening,,burnout not mentioned
W266,Web of Science,Is compassion fatigue a self-fulfilling prophecy in health care? A preregistered experimental study of manipulated expectations in doctors and medical trainees,10.1111/bjhp.70013,2025,Article,excluded at screening,,burnout not mentioned
W267,Web of Science,Cumulative Effect of Flexible Duty-hour Policies on Resident Outcomes Long-term Follow-up Results From the FIRST Trial,10.1097/sla.0000000000003802,2020,Article,excluded at screening,,burnout not mentioned
W268,Web of Science,Excess and Defect: How Job-Family Responsibilities Congruence Effect the Employee Procrastination Behavior,10.2147/prbm.s365079,2022,Article,excluded at screening,,burnout not mentioned
W269,Web of Science,A Relationship-Based Resilience Program for Promotores: Protocol for a Randomized Controlled Waitlist Trial,10.2196/51427,2023,Article,excluded at screening,,protocol
